Complex_ID,Complex_Name,Synonyms,Organism,Subunits_UniProt_IDs
23,BLOC-1 (biogenesis of lysosome-related organelles complex 1),,Human,"P78537,Q6QNY1,Q6QNY0,Q9NUP1,Q96EV8,Q8TDH9,Q9UL45,O95295"
27,Arp2/3 protein complex,,Human,"P61160,P61158,O15143,O15144,O15145,P59998,O15511"
32,PA700 complex, 19S complex,Human,"P62191,P35998,P17980,P43686,P62195,P62333,Q99460,O75832,O00231,O00232,Q9UNM6,O00487,Q13200,O43242,P55036,Q16401,Q15008,P51665,P48556,O00233"
96,Anaphase-promoting complex, APC | cyclosome,Human,"Q9H1A4,Q9UM13,Q9UJX6,Q9UJX5,Q9UJX4,Q9UJX3,Q13042,Q9UJX2,P30260"
149,PBAF complex (Polybromo- and BAF containing complex), SWI/SNF complex B,Human,"Q68CP9,Q86U86,P51532,Q12824,Q92922,Q8TAQ2,Q96GM5,Q969G3,(P60709,P63261),(O96019,O94805)"
157,Condensin I complex, canonical condensin complex,Human,"Q15021,Q9BPX3,Q15003,O95347,Q9NTJ3"
162,Conserved oligomeric Golgi (COG) complex,,Human,"Q8WTW3,Q14746,Q96JB2,Q9H9E3,Q9UP83,Q9Y2V7,P83436,Q96MW5"
189,BAF complex, SWI/SNF complex A,Human,"P51531,P51532,Q12824,Q92922,Q8TAQ2,Q96GM5,Q969G3,(P60709,P63261),(O96019,O94805),(O14497,Q8NFD5)"
191,20S proteasome,,Human,"P25786,P25787,P25788,P25789,P28066,P60900,O14818,P20618,P49721,P49720,P28070,P28074,P28072,Q99436"
192,PA28-20S proteasome,,Human,"P25786,P25787,P25788,P25789,P28066,P60900,O14818,P20618,P49721,P49720,P28070,P28074,P28072,Q99436,Q06323,Q9UL46"
194,PA28gamma-20S proteasome,,Human,"P25786,P25787,P25788,P25789,P28066,P60900,O14818,P20618,P49721,P49720,P28070,P28074,P28072,Q99436,P61289"
306,"Ribosome, cytoplasmic",,Human,"P62861,P27635,P62906,P62913,P30050,P26373,P40429,P50914,P61313,P18621,Q07020,Q02543,P84098,P46778,P35268,P62829,P62750,P83731,P61254,P61353,P46776,P46779,P47914,P39023,P62888,P62899,P62910,P49207,P42766,P18077,Q9Y3U8,P83881,P61927,P61513,P63173,P62891,P36578,P62945,P46777,Q02878,P18124,P62424,P62917,P32969,P05388,P05386,P05387,P46783,P62280,P25398,P62277,P62263,P62841,P62244,P62249,P08708,P62269,P39019,P15880,P60866,P63220,P62266,P62847,P62851,P62854,P42677,P62979,P62857,P62273,P23396,P61247,P62701,P46782,P62753,P62081,P62241,P46781,P08865,P62987,(P22090,Q8TD47)"
308,"60S ribosomal subunit, cytoplasmic"," large ribosomal subunit, cytoplasmic",Human,"P27635,P62906,P62913,P30050,P26373,P40429,P50914,P61313,P18621,Q07020,Q02543,P84098,P46778,P35268,P62829,P62750,P83731,P61254,P61353,P46776,P46779,P47914,P39023,P62888,P62899,P62910,P49207,P42766,P18077,Q9Y3U8,P83881,P61927,P61513,P63173,P62891,P36578,P62945,P46777,Q02878,P18124,P62424,P62917,P32969,P05388,P05386,P05387,P62987"
315,"28S ribosomal subunit, mitochondrial"," Small ribosomal subunit, mitochondrial",Human,"P51398,P82664,P82912,O15235,O60783,P82914,Q9Y3D3,Q9Y2R5,Q9NVS2,Q9Y676,Q9Y3D5,Q9Y399,P82921,P82650,Q9Y3D9,Q96EL2,P82663,Q9BYN8,Q92552,Q9Y2Q9,Q9NP92,Q92665,Q9Y291,P82930,P82673,P82909,P82675,P82932,Q9Y2R9,P82933"
320,"55S ribosome, mitochondrial",,Human,"P51398,P83111,Q9BYD6,Q7Z7H8,Q9Y3B7,P52815,Q9BYD1,Q6P1L8,Q9P015,Q9NX20,Q9NRX2,Q9H0U6,P49406,Q5T653,Q9BYC9,Q7Z2W9,Q9NWU5,Q16540,Q96A35,Q9P0M9,Q13084,P09001,Q8TCC3,Q9BYC8,O75394,Q9BQ48,Q9NZE8,Q9P0J6,Q9BZE1,Q96DV4,Q9NYK5,Q9BYD3,Q9NQ50,Q8IXM3,Q6FID1,Q8N983,Q9H9J2,Q9BRJ2,Q9H2W6,Q9HD33,Q96GC5,Q13405,Q8N5N7,Q4U2R6,Q86TS9,Q96EL3,Q6P161,Q7Z7F7,Q9BYD2,P82664,P82912,O15235,O60783,P82914,Q9Y3D3,Q9Y2R5,Q9NVS2,Q9Y676,Q9Y3D5,Q9Y399,P82921,P82650,Q9Y3D9,Q96EL2,P82663,Q9BYN8,Q92552,Q9Y2Q9,Q9NP92,Q92665,Q9Y291,P82930,P82673,P82909,P82675,P82932,Q9Y2R9,P82933"
324,"39S ribosomal subunit, mitochondrial"," Large ribosomal subunit, mitochondrial",Human,"P83111,Q9BYD6,Q7Z7H8,Q9Y3B7,P52815,Q9BYD1,Q6P1L8,Q9P015,Q9NX20,Q9NRX2,Q9H0U6,P49406,Q5T653,Q9BYC9,Q7Z2W9,Q9NWU5,Q16540,Q96A35,Q9P0M9,Q13084,P09001,Q8TCC3,Q9BYC8,O75394,Q9BQ48,Q9NZE8,Q9P0J6,Q9BZE1,Q96DV4,Q9NYK5,Q9BYD3,Q9NQ50,Q8IXM3,Q6FID1,Q8N983,Q9H9J2,Q9BRJ2,Q9H2W6,Q9HD33,Q96GC5,Q13405,Q8N5N7,Q4U2R6,Q86TS9,Q96EL3,Q6P161,Q7Z7F7,Q9BYD2"
338,"40S ribosomal subunit, cytoplasmic"," small ribosomal subunit, cytoplasmic",Human,"P62861,P46783,P62280,P25398,P62277,P62263,P62841,P62244,P62249,P08708,P62269,P39019,P15880,P60866,P63220,P62266,P62847,P62851,P62854,P62979,P62857,P62273,P23396,P61247,P62701,P46782,P62753,P62081,P62241,P46781,P08865"
387,MCM complex,,Human,"P49736,P25205,P33991,P33992,Q14566,P33993"
678,GINS complex,,Human,"Q14691,Q9Y248,Q9BRX5,Q9BRT9"
835,6S methyltransferase and RG-containing Sm proteins complex,,Human,"P54105,P14678,P62314,P62316,P62318,P62304,P62306,P62308"
1187,ESCRT-II complex,,Human,"Q96H20,Q9BRG1,Q86VN1"
1237,BAF complex, SWI/SNF complex A,Human,"O96019,O14497,P51531,P51532,Q12824,Q92922,Q8TAQ2,Q96GM5,Q969G3"
3040,Multisynthetase complex, Aminoacyl tRNAsynthetase multienzyme complex,Human,"P14868,O43324,P07814,P41252,Q13155,Q15046,Q9P2J5,P56192,P47897,P54136,Q12904"
3071,CTLH complex, RANBPM-MKLN1-MAEA-RMND5A-ARMC8 complex,Human,"Q8IUR7,Q7L5Y9,Q9UL63,Q96S59,Q9H871"
3525,Tetrameric COG subcomplex,,Human,"Q9UP83,Q9Y2V7,P83436,Q96MW5"
3551,COG1-COG8-COG2-COG3-COG4 subcomplex,,Human,"Q8WTW3,Q14746,Q96JB2,Q9H9E3,Q96MW5"
3552,COG1-COG8-COG5-COG6-COG7 subcomplex,,Human,"Q8WTW3,Q9UP83,Q9Y2V7,P83436,Q96MW5"
112,Prefoldin complex,,Human,"O60925,Q9UHV9,Q9NQP4,Q99471,O15212,P61758"
159,Condensin I-PARP-1-XRCC1 complex,,Human,"Q15021,Q9BPX3,Q15003,P09874,O95347,Q9NTJ3,P18887"
166,Cohesin-SA2 complex,,Human,"O60216,Q14683,Q9UQE7,Q8N3U4"
834,20S methylosome and RG-containing Sm protein complex,,Human,"P54105,O14744,P14678,P62314,P62316,P62318"
2220,RAD52-ERCC4-ERCC1 complex,,Human,"P07992,Q92889,P43351"
59,AP3 adapter complex,,Human,"O00203,Q13367,O14617,Q9Y2T2,P53677,Q92572,P59780"
230,Mediator complex, Mediator of transcriptional regulation,Human,"P24863,Q9BWU1,P49336,Q15648,Q9BTT4,Q9P086,Q93074,Q9UHV7,Q71F56,O60244,Q96RN5,Q9Y2X0,Q9NVC6,Q9BUE0,Q9H944,Q13503,Q15528,Q9ULK4,O75448,Q71SY5,O95402,Q6P2C8,Q9H204,Q9NX70,Q96HR3,Q9Y3C7,Q9NPJ6,O75586,O43513,Q96G25,Q9NWA0,A0JLT2"
238,SWI-SNF chromatin remodeling-related-BRCA1 complex,,Human,"O96019,P38398,P51531,P51532,Q12824,Q92922,Q8TAQ2,Q92925,Q969G3,(O14497,Q8NFD5)"
778,LARC complex (LCR-associated remodeling complex),,Human,"P60709,O96019,O14497,Q14839,Q92785,Q8WXI9,Q13547,Q92769,P07910,Q9UBB5,O95983,O94776,Q09028,P51532,Q12824,Q92922,Q8TAQ2,Q92925,Q969G3"
944,"Class C Vps complex (VPS11, VPS18, VPS16)",,Human,"Q9H270,Q9H269,Q9P253"
41,Mi-2/NuRD-MTA2 complex,,Human,"P41182,Q13547,O95983,O94776,Q9BTC8"
639,RANBPM-Muskelin-TWA1-HSMpp8 complex,,Human,"Q9NWU2,Q9UL63,Q99549,Q96S59"
1068,12S U11 snRNP,,Human,"Q9BV90,Q6IEG0,Q8N8D1,Q9H875,Q16629,P14678,P62314,P62316,P62318,P62304,P62306,P62308,Q96GM8,Q16560,P67809"
3545,COG5-COG6-COG7 subcomplex,,Human,"Q9UP83,Q9Y2V7,P83436"
833,6S methyltransferase complex,,Human,"P54105,P62314,P62318"
2174,COP9 signalosome complex," JAB1-containing signalosome (GPS1, COPS2, COPS3, COPS4, COPS5, COPS6, COPS7) | COP9 complex homolog",Human,"P61201,Q9UNS2,Q9BT78,Q92905,Q7L5N1,Q99627,Q13098,(Q9UBW8,Q9H9Q2)"
959,LLGL1-PAR-6B-PRKCI complex,,Human,"Q15334,Q9BYG5,P41743"
529,NuA4/Tip60 HAT complex,,Human,"O96019,Q9H0E9,Q9HAF1,Q9NPF5,Q96L91,Q9H2F5,Q92993,Q9NXR8,Q9UBU8,Q15014,Q9NV56,Q9Y265,Q9Y230,Q9Y4A5,Q15906,O95619"
561,LSm1-7 complex,,Human,"O15116,Q9Y333,P62310,Q9Y4Z0,Q9Y4Y9,P62312,Q9UK45"
5380,"TRBP containing complex (DICER, RPL7A, EIF6, MOV10 and subunits of the 60S ribosomal particle)",,Human,"Q9UHA3,Q9UPY3,P56537,Q9HCE1,P62906,P62913,P30050,P26373,P50914,P61313,Q02543,P84098,P46778,P61353,P46779,P62888,P62910,P49207,P18077,Q9Y3U8,P61513,P18124,P62424,P05386,P05387"
5450,Mediator complex,,Human,"Q15648,Q9BTT4,Q9P086,Q9UHV7,Q71F56,O60244,Q96RN5,Q9Y2X0,Q9NVC6,Q9BUE0,Q9H944,Q13503,Q15528,Q9ULK4,O75448,Q71SY5,O95402,Q6P2C8,Q9NX70,Q96HR3,Q9Y3C7,Q9NPJ6,O75586,O43513,Q96G25,A0JLT2,O60313"
562,LSm2-8 complex,,Human,"Q9Y333,P62310,Q9Y4Z0,Q9Y4Y9,P62312,Q9UK45,O95777"
165,Cohesin-SA1 complex,,Human,"O60216,Q14683,Q9UQE7,Q8WVM7"
1252,EBAFa complex, ENL-associated BAF250a-containing SWI/SNF complex,Human,"O96019,O14497,Q03111,P51532,Q12824,Q92922,Q8TAQ2,Q96GM5,Q92925,Q969G3"
1060,"Retromer complex (SNX1, SNX2, VPS35, VPS29, VPS26B)",,Human,"Q13596,O60749,Q4G0F5,Q9UBQ0,Q96QK1"
470,TFTC complex (TATA-binding protein-free TAF-II-containing complex),,Human,"O15265,Q92830,Q15393,O75486,O75528,Q12962,Q16514,Q15543,Q6P1X5,O00268,Q15542,O75529,P49848,Q9Y6J9,Q15545,Q16594,Q9Y4A5"
585,Mi2/NuRD-BCL6-MTA3 complex,,Human,"P41182,Q14839,Q13547,O95983,Q9BTC8"
2755,17S U2 snRNP,,Human,"Q8IWX8,Q7L014,O43143,O75937,Q9P0W2,P10809,Q7RTV0,Q9UHX1,Q96I25,Q15459,Q15428,Q12874,O75533,Q9Y3B4,Q13435,Q15393,Q15427,Q9BWJ5,Q07955,O75940,P09661,P14678,P08579,P62314,P62316,P62318,P62304,P62306,P62308,O15042,Q12931,Q01081,P26368"
1010,CAK complex (Cdk-activating kinase complex),,Human,"P51946,P50613,P51948"
5466,IKB(beta)-RELA-cREL complex,,Human,"Q15653,Q04864,Q04206"
657,"Retromer complex (SNX1, SNX2, VPS35, VPS29, VPS26A)",,Human,"Q13596,O60749,O75436,Q9UBQ0,Q96QK1"
1100,DNA polymerase alpha-primase complex,,Human,"P09884,Q14181,P49642,P49643"
4392,"EIF3 complex (EIF3A, EIF3B, EIF3G, EIF3I, EIF3C)",,Human,"Q14152,P55884,Q99613,O75821,Q13347"
1191,RNA pol II containing coactivator complex Tat-SF,,Human,"P50750,O43719,P19338,P24928,O00267"
5465,IKB(epsilon)-RELA-cREL complex,,Human,"O00221,Q04864,Q04206"
270,RAD17-RFC complex,,Human,"O75943,P35250,P40938,P35249,P40937"
1257,ALL-1 supercomplex,,Human,"O60341,Q12873,Q9P2I0,Q15029,Q13547,Q92769,O95983,Q03164,O94776,P62826,Q09028,Q15291,Q16576,O00422,O75446,Q96ST3,P51531,O60264,Q12824,Q92922,Q8TAQ2,Q92797,P21675,Q16514,P49848,Q16594,P20226,P61964"
798,NuA4/Tip60-HAT complex A,,Human,"O96019,Q9H0E9,Q9HAF1,Q9NPF5,Q96L91,Q9H2F5,Q52LR7,Q92993,Q9NXR8,Q9UBU8,Q9NV56,Q9Y265,Q9Y230,Q9Y4A5,O95619"
476,STAGA complex (SPT3-TAF9-GCN5 acetyltransferase complex), STAGA coactivator complex,Human,"O15265,Q92830,Q15393,O75486,O94864,Q96BN2,O75528,Q12962,Q16514,O75529,Q9Y6J9,Q16594,Q9Y4A5"
806,BRM-SIN3A-HDAC complex, BRM-Sin3A-HDAC containing SWI/SNF remodeling complex,Human,"O96019,O14497,Q92769,O14744,Q96ST3,P51531,Q12824,Q92922,Q8TAQ2,Q96GM5,Q92925,Q969G3"
1097,"eIF3 complex (EIF3S6, EIF3S5, EIF3S4, EIF3S3, EIF3S6IP, EIF3S2, EIF3S9, EIF3S12,  EIF3S10, EIF3S8,  EIF3S1, EIF3S7, PCID1)",,Human,"Q14152,P55884,Q99613,O15371,P60228,Q9Y262,O00303,O75821,O15372,Q13347,O75822,Q9UBQ5,Q7L2H7"
819,20S methylosome-SmD complex,,Human,"P54105,O14744,P62314,P62318"
1239,EBAFb complex, ENL-associated BAF250b-containing SWI/SNF complex,Human,"O96019,Q8NFD5,Q03111,P51532,Q12824,Q92922,Q8TAQ2,Q96GM5,Q92925,Q969G3"
3980,mTOR-RAPTOR complex,,Human,"P42345,Q9BVC4,Q8N122"
160,Condensin II,,Human,"P42695,Q86XI2,Q6IBW4,O95347,Q9NTJ3"
123,Rnase/Mrp complex,,Human,"Q99575,O95707,Q969H6,O75817,O95059,Q9H633,Q9BUL9,P78346,P78345,O75818"
2809,9-1-1 complex, RAD9-RAD1-HUS1 complex | 9-1-1 complex | RHR complex,Human,"O60921,O60671,Q99638"
727,CSA complex,Ubiquitin E3 ligase,Human,"P61201,Q9UNS2,Q9BT78,Q92905,Q7L5N1,Q99627,Q13619,Q16531,Q13216,Q13098,P62877,(Q9UBW8,Q9H9Q2)"
5228,REL-MAP3K8-RELA-TNIP2-PAPOLA complex,,Human,"P41279,P51003,Q04864,Q04206,Q8NFZ5"
3961,SMAD3-cSKI-SIN3A-HDAC1 complex,,Human,"Q13547,Q96ST3,P12755,P84022"
351,Spliceosome, U2-type spliceosome,Human,"Q9UKV3,O60306,Q13838,O75934,Q9BRD0,P41223,Q9Y6A4,Q8WUQ7,Q9BQ61,O95400,O60508,Q99459,Q14011,Q16630,Q9NYV4,Q9BZJ0,O95232,Q8WYA6,Q9P013,Q9HCG8,Q92841,Q9BUQ8,O00571,Q9UJV9,Q7L014,P17844,Q96DF8,O43143,O60231,Q92620,Q14562,Q08211,O75937,Q15029,P38919,Q4ZG51,Q9Y5B6,O43719,O00425,Q13123,Q9ULR0,Q69YN4,Q9Y333,P62310,Q9Y4Z0,P62312,Q9UK45,P61326,P55081,Q9HCE1,Q09161,P52298,P55769,O43809,P11940,O43660,Q9UNP9,O43447,Q9Y3C6,Q13356,Q9H2H8,O15355,Q96BP3,Q99633,Q9UMS4,O43395,Q8WWY3,O43172,O75400,Q13523,O94906,Q6P2Q9,Q9UHX1,Q96T37,Q96I25,Q9NW64,P49756,Q14498,Q9Y5S9,Q15287,O43290,Q15637,Q15459,Q15428,Q12874,O75533,Q9Y3B4,Q13435,Q15393,Q15427,Q07955,Q05519,Q01130,P84103,Q08170,Q13243,Q16629,P42285,O95391,O75940,Q2TAY7,O75643,Q8WVK2,Q96DI7,P08621,P09012,P09661,P14678,P08579,P09234,P62314,P62316,P62318,P62304,P62306,P62308,Q13573,Q96T58,O15042,Q8IYB3,Q9UQ35,Q9BXP5,Q13247,Q13242,O95926,O14776,Q9UBB9,Q96FV9,Q8NI27,Q96J01,Q86V81,Q13769,Q86W42,Q6I9Y2,P62995,P83876,Q01081,P26368,Q53GS9,Q9Y2W2,Q15007,Q9HCS7,O43670"
728,CSA-POLIIa complex,Ubiquitin E3 ligase,Human,"P61201,Q9UNS2,Q9BT78,Q92905,Q7L5N1,Q99627,Q13619,Q16531,Q13216,Q13098,P24928,P62877,(Q9UBW8,Q9H9Q2)"
726,DDB2 complex,Ubiquitin E3 ligase,Human,"P61201,Q9UNS2,Q9BT78,Q92905,Q7L5N1,Q99627,Q13619,Q16531,Q92466,Q13098,P62877,(Q9UBW8,Q9H9Q2)"
741,NCOR-HDAC3 complex,,Human,"Q13227,O15379,O75376,O60907,Q9BZK7"
15,NCOR complex,,Human,"Q92828,Q13227,O15379,O75376,O60907,Q9BZK7"
1105,TFIIIC containing complex,,Human,"Q12789,Q8WUA4,Q9Y5Q9,Q9UKN8,Q9Y5Q8"
5118,"pRb2/p130-multimolecular complex (RB2, E2F4, HDAC1, SUV39H1, P300)",,Human,"Q16254,Q09472,Q13547,Q08999,O43463"
559,Decapping complex,,Human,"Q9NPI6,Q8IU60,P26196,Q96F86,Q6P2E9"
5215,CS-MAP3K7IP1-MAP3K7IP2 complex,,Human,"O75390,Q15750,Q9NYJ8"
626,LSD1 complex,,Human,"O60341,Q13363,Q13547,Q9NP66,Q9P0W2,P08107,Q96BD5,Q96EK2,Q9UKL0,Q9P2K3,Q92766,Q9UBW7,O75362"
304,SRCAP-associated chromatin remodeling complex,,Human,"O96019,Q9GZN1,Q96CJ1,P0C0S5,Q9Y265,Q9Y230,Q6ZRS2,Q15906,O95619,O43257"
714,BRM-SIN3A complex,,Human,"O96019,O14497,Q13547,Q92769,O14744,Q09028,Q96ST3,P51531,Q12824,Q92922,Q8TAQ2,Q96GM5,Q92925,Q6STE5,Q969G3"
477,PCAF complex, PCAF histone acetylase-associated complex,Human,"Q92831,O75486,O75478,O75528,Q12962,Q16514,O75529,Q9Y6J9,Q16594,Q9Y4A5"
938,"FACT complex, UV-activated", p53 Ser-392 kinase complex,Human,"P68400,P19784,P67870,Q08945,Q9Y5B9"
1380,Elongator holo complex,,Human,"Q6IA86,Q9H9T3,Q96EB1,O95163"
58,SMRT complex,,Human,"Q13227,O15379,Q9Y618,O60907,Q9BZK7"
36,AP1 adaptor complex,,Human,"Q10567,O43747,O75843,Q9BXS5,Q9Y6Q5,P61966,P56377,Q96PC3"
430,18S U11/U12 snRNP,,Human,"Q9BV90,Q6IEG0,O43143,Q8N8D1,Q6P2Q9,Q96LT9,O75533,Q9Y3B4,Q13435,Q15393,Q15427,Q9BWJ5,P14678,P62314,P62316,P62318,P62304,P62306,P62308,Q16560,P67809,Q8TBF4,Q9UDW3,Q15696"
5467,IKB(alpha)-RELA-cREL complex,,Human,"P25963,Q04864,Q04206"
5451,MED18-MED20-MED29 mediator subcomplex,,Human,"Q9BUE0,Q9H944,Q9NX70"
1155,Integrator-RNAPII complex,,Human,"Q5TA45,Q8N201,Q9NVR2,Q96CB8,Q9H0H0,Q68E01,Q96HW7,Q6P9B9,Q9UL03,Q9NVH2,Q75QN2,Q9NV88,P24928,P30876"
3284,"SMN complex (GEMIN5,2,3,4, SMN)",,Human,"Q9UHI6,P57678,Q8TEQ6,O14893,Q16637"
5100,CyclinD3-CDK4-CDK6 complex,,Human,"P30281,P11802,Q00534"
934,FACT-NEK9 complex,,Human,"Q8TD19,Q08945,Q9Y5B9"
2599,POLR2A-CCNT1-CDK9-NCL-LEM6-CPSF2 complex,,Human,"O60563,P50750,Q9P2I0,P19338,P24928,Q9UBK2"
4389,"EIF3 core complex (EIF3A, EIF3B, EIF3G, EIF3I)",,Human,"Q14152,P55884,O75821,Q13347"
5101,CyclinD3-CDK4-CDK6-p21 complex,,Human,"P30281,P11802,Q00534,P38936"
232,ARC complex, activator-recruited cofactor,Human,"Q9UKU7,Q15648,Q93074,Q9UHV7,O60244,Q96RN5,Q9NVC6,Q9ULK4,O75448,Q71SY5,O95402,Q9NPJ6,O75586,O43513,Q96G25"
5498,ILK-PARVB-ARHGEF6 complex,,Human,"Q15052,Q13418,Q9HBI1"
799,DMAP1-associated complex,,Human,"O96019,Q9H0E9,Q9NPF5,Q96L91,Q9H2F5,Q9Y265,Q9Y230,Q6ZRS2,Q9Y4A5,Q15906"
1113,5S-DNA-TFIIIA-TFIIIC2 subcomplex,,Human,"Q92664,Q12789,Q8WUA4,Q9Y5Q9,Q9UKN8,Q9Y5Q8"
49,DNMT3B complex,,Human,"Q9UBC3,Q13547,O95239,Q96ST3,O60264,O95347,Q9NTJ3"
302,INO80 chromatin remodeling complex, INO80 complex,Human,"O96019,Q9H9F9,Q9H981,Q6PI98,Q8NBZ0,Q53TQ3,Q9ULG1,Q96EZ8,Q6P4R8,Q9Y265,Q9Y230,P15923,Q9C086"
1192,ESCRT-I complex,,Human,"Q99816,Q9UK41,A5D8V6"
86,NUMAC complex (nucleosomal methylation activator complex), CARM1-associated complex,Human,"P60709,O14497,Q86X55,Q96KG9,P51532,Q12824,Q92922,Q8TAQ2,Q96GM5,Q969G3"
2911,SMRT-SKIP-CBF1 complex,,Human,"Q9Y618,Q06330,Q13573"
1170,cMYC-ATPase-helicase complex,,Human,"O96019,P01106,Q9Y265,Q9Y230,Q9Y4A5"
525,TIP60 histone acetylase complex,,Human,"O96019,Q92993,Q9Y265,Q9Y230,Q9Y4A5"
3096,ITGA6-ITGB4-SHC1-GRB2 complex,,Human,"P62993,P23229,P16144,P29353"
654,BLOC1-BLOC2 complex,,Human,"P78537,Q6QNY1,Q6QNY0,Q9NUP1,Q96EV8,Q969F9,Q9UPZ3,Q86YV9,Q8TDH9,Q9UL45,O95295"
2639,HES1 promoter-Notch enhancer complex,,Human,"O60563,P50613,P49336,P50750,Q09472,Q92585,Q15648,P46531,P24928,Q06330,Q9BT40,Q9Y5B9,Q7KZ85"
2975,SMAD3-E2F4/5-p107-DP1 complex,,Human,"Q16254,Q15329,P28749,P84022,Q14186"
2998,Axin-PP2A A-PP2A C-GSK3-beta-beta-catenin complex,,Human,"O15169,P35222,P49841,Q15172"
867,TRAP-SMCC mediator complex,,Human,"Q15648,Q9P086,Q9NVC6,Q9BUE0,Q15528,Q71SY5,Q9NX70,Q9NPJ6,Q96G25,A0JLT2"
1166,p400-associated complex,,Human,"P60709,Q96L91,Q9Y265,Q9Y230,Q9Y4A5,(O96019,O94805)"
5268,TNF-alpha/NF-kappa B signaling complex 7,,Human,"Q16543,Q13451,P07900,P08238,O43318,Q15750,Q9NYJ8,Q8N5C8"
770,TREX complex,,Human,"Q13838,Q96FV9,Q8NI27,Q96J01,Q86V81,Q13769,Q86W42,Q6I9Y2"
1176,CRM1-RAN-PHAX-CBC complex (cap binding complex),,Human,"Q09161,P52298,P62826,Q9H814,O14980"
785,Exon junction complex, EJC complex,Human,"Q13838,P38919,P61326,Q9Y5S9,Q15287,Q8IYB3,Q86V81,Q9BZI7"
261,RAD51B-RAD51C-RAD51D-XRCC2-XRCC3 complex,,Human,"O43502,O15315,O75771,O43543,O43542"
2830,TIF1gamma-SMAD2-SMAD3 complex,,Human,"Q15796,P84022,Q9UPN9"
787,NuA4/Tip60-HAT complex B,,Human,"O96019,Q9NPF5,Q9H2F5,Q92993,Q9UBU8,Q9Y265,Q9Y230,Q9Y4A5"
1114,5S-DNA-TFIIIA-TFIIIC2-TFIIIB subcomplex,,Human,"A6H8Y1,Q92994,Q92664,Q12789,Q8WUA4,Q9Y5Q9,Q9UKN8,Q9Y5Q8,P20226"
1153,Integrator complex,,Human,"Q5TA45,Q8N201,Q9NVR2,Q96CB8,Q9H0H0,Q68E01,Q96HW7,Q6P9B9,Q9UL03,Q9NVH2,Q75QN2,Q9NV88"
3075,UTX-MLL2/3 complex,,Human,"Q9UBL3,Q86XN7,O14686,Q8NEZ4,Q86UW6,Q14686,Q6ZW49,Q15291,Q5H9R7,O15550,P61964,Q9Y2X9"
2812,RPAP1-RPB2-RPB3 complex,,Human,"P30876,P19387,Q9BWH6"
739,SIN3-ING1b complex II,,Human,"O96019,O14497,Q4LE39,Q13547,Q92769,Q9UK53,Q09028,Q16576,O00422,O75446,Q96ST3,P51532,Q12824,Q92922,Q8TAQ2,Q96GM5"
288,ARC complex, activator-recruited cofactor,Human,"P24863,P49336,Q15648,Q93074,Q9UHV7,O60244,Q96RN5,Q9NVC6,Q13503,Q9ULK4,O75448,Q71SY5,O95402,O75586,O43513"
1230,WINAC complex, WSTF containing complex,Human,"O96019,O14497,Q9UIG0,Q13111,P51531,P51532,Q12824,Q92922,Q8TAQ2,Q96GM5,Q969G3,Q9Y5B9,Q02880,P11473"
2838,AR coactivator complex, p44-PRMT-ICLN complex,Human,"P54105,O14744,Q9BQA1"
955,LLGL2-PAR-6B-PRKCI complex,,Human,"Q6P1M3,Q9BYG5,P41743"
1165,RNF20-RNF40-UbE2E1 complex, RNF20/40 complex,Human,"Q5VTR2,O75150,P51965"
1173,TIP49-TIP48-BAF53 complex,,Human,"O96019,Q9Y265,Q9Y230"
2535,"SLP-76-Cbl-Grb2-Shc complex, Fc receptor gamma-R1 stimulated",,Human,"P22681,P62993,Q13094,P29353"
531,XPA-ERCC1-ERCC4 complex,,Human,"P07992,Q92889,P23025"
570,p300-CBP-p270-SWI/SNF complex,,Human,"O14497,Q92793,Q09472,P51532,Q12824,Q92922,Q8TAQ2"
1737,SF3b complex,,Human,"Q86XP3,Q7RTV0,O75533,Q9Y3B4,Q13435,Q15393,Q15427,Q9BWJ5"
1225,"Ubiquitin E3 ligase (H2AFY, SPOP, CUL3)",,Human,"Q13618,O75367,O43791"
2757,"SMN complex, U7 snRNA specific",,Human,"Q969L4,P83369,P14678,P62318,P62304,P62306,P62308"
5475,MURR1-NF(kappa)Bp65-IKBA complex,,Human,"Q8N668,P25963,Q04206"
1220,TRF2-Ku complex,,Human,"Q15554,P13010,P12956"
4,Multisubunit ACTR coactivator complex,,Human,"Q92793,Q09472,Q9Y6Q9,Q92831"
1298,MKK4-ARRB2-JNK3 complex,,Human,"P32121,P45985,P53779"
282,SNF2h-cohesin-NuRD complex, ISWI (SNF2h)-containing chromatin remodeling complex,Human,"Q9NRL2,Q12873,Q13547,Q92769,Q9UBB5,O95983,Q13330,O94776,O60216,Q09028,Q16576,O60264,Q14683,Q9UQE7,Q8WVM7,Q8N3U4"
1253,"Ubiquitin E3 ligase (FBXW7, CUL1, SKP1A, RBX1)",,Human,"Q13616,Q969H0,P62877,P63208"
87,Nup 107-160 subcomplex,NPC subcomplex,Human,"P57740,Q8WUM0,Q12769,Q8NFH4,Q8NFH3,Q9BW27,P52948,P55735,Q96EE3"
1474,SMAD3/4-E2F4/5-p107-DP1 complex,,Human,"Q16254,Q15329,P28749,P84022,Q13485,Q14186"
713,BRG1-SIN3A complex,,Human,"O96019,O14497,Q92769,O14744,Q09028,Q96ST3,P51532,Q12824,Q92922,Q8TAQ2,Q96GM5,Q92925,Q6STE5,Q969G3"
2922,"LAT-PLC-gamma-1-p85-GRB2-SOS signaling complex, C305 activated",,Human,"P62993,O43561,P27986,P19174,Q07889"
2829,RSmad complex,,Human,"Q8NFD5,Q92793,Q9Y6Q9,Q15796,P84022,Q13485,P51532,Q92922,Q8TAQ2,Q9UPN9"
1734,SF3A1-SF3A2-SF3A3 complex,,Human,"Q15459,Q15428,Q12874"
723,MAF1 complex, MRG15-associated factors 1,Human,"Q9UBU8,Q9Y605,P06400"
652,AP3-BLOC1 complex,,Human,"O00203,Q13367,O14617,Q9Y2T2,P53677,Q92572,P59780,P78537,Q6QNY1,Q6QNY0,Q9NUP1,Q96EV8,Q8TDH9,Q9UL45,O95295"
1181,C complex spliceosome,,Human,"O60306,Q8WUQ7,O60508,Q99459,Q9BZJ0,Q9P013,Q9HCG8,Q9BUQ8,Q9UJV9,P17844,Q96DF8,Q9H5Z1,Q92620,Q14562,Q15029,P38919,Q14331,Q9BRR8,P09651,P22626,P51991,P07910,P52597,P31943,P61978,P52272,O43390,Q00839,Q9ULR0,Q9Y333,P62310,P61326,Q9BRX9,P11940,O43660,Q9H307,Q9UNP9,Q9Y3C6,Q9H2H8,Q96BP3,Q9UMS4,Q13523,O94906,Q6P2Q9,Q9UKM9,Q9NW64,Q9Y5S9,P38159,O43290,Q6UX04,Q15459,Q15428,Q12874,O75533,Q13435,Q15393,Q07955,P42285,O95391,O75643,Q96DI7,P09661,P14678,P08579,P62314,P62316,P62318,P62304,P62306,P62308,Q13573,Q8IYB3,Q9UQ35,O95926,O60506,Q9UBB9,Q86V81,Q01081,Q9HCS7,Q6NZY4"
5464,I(kappa)B(alpha)-NF(kappa)Bp50-NF(kappa)Bp65 complex,,Human,"P19838,P25963,Q04206"
5230,CHUK-NFKB2-REL-IKBKG-SPAG9-NFKB1-NFKBIE-COPB2-TNIP1-NFKBIA-RELA-TNIP2 complex,,Human,"O15111,P35606,Q9Y6K9,P19838,Q00653,P25963,O00221,Q04864,Q04206,O60271,Q15025,Q8NFZ5"
571,p300-CBP-p270 complex,,Human,"O14497,Q92793,Q09472"
743,SIN3-SAP25 complex,,Human,"Q4LE39,Q13547,Q92769,Q09028,Q16576,Q9H0E3,O00422,Q1EHW4,O75446,Q96ST3,Q9H7L9"
1144,Cleavage and polyadenylation factor (CPSF),,Human,"Q10570,Q9P2I0,Q9UKF6,O95639,Q6UN15"
3066,"RNA polymerase II complex, chromatin structure modifying",,Human,"P24863,P49336,Q92793,P19447,Q00403,P35269,Q13889,Q13503,Q92831,P24928,P51531,P51532,Q12824"
370,MSH2-MSH6-PMS1-MLH1 complex, MMR complex 1,Human,"P40692,P43246,P52701,P54277"
190,Mitotic checkpoint complex (MCC), APC/C inhibitory factor,Human,"O60566,O43684,Q12834,Q13257"
876,"SNARE complex (VAMP3, STX6, VTI1A)",,Human,"O43752,Q15836,Q96AJ9"
3064,"RNA polymerase II complex, chromatin structure modifying",,Human,"P24863,P49336,Q14919,Q00403,P29083,P35269,P32780,Q13503,Q6UW60,P24928,Q12824,Q92922,Q8TAQ2,P20226,(P51531,P51532),(Q96GM5,Q92925,Q6STE5)"
825,JBP1-pICln complex,,Human,"P54105,O14744,P14678"
1111,DNA synthesome complex (17 subunits),,Human,"P12004,P09884,Q14181,P28340,P49005,Q15054,Q9HCU8,Q07864,P56282,Q9NRF9,Q9NR33,P49642,P49643,P35251,P27694,P11387,(P11388,Q02880)"
3900,GABP(gamma)1-E2F1-DP1 complex,,Human,"Q01094,Q8TAK5,Q14186"
4395,"EIF3 complex (EIF3B, EIF3G, EIF3I)",,Human,"P55884,O75821,Q13347"
2851,ING2 complex,,Human,"P29374,Q9HCU9,Q5PSV4,Q13547,Q92769,Q9H160,Q09028,Q16576,Q9H0E3,O75446,Q96ST3,Q9H7L9"
633,anti-BHC110 complex,,Human,"O60341,Q14687,P78347,Q13547,Q92769,Q9P0W2,Q96BD5,Q9UKL0,Q9UBW7,Q14202,O75362"
287,ARC-L complex,,Human,"P24863,P49336,Q15648,Q93074,Q9UHV7,O60244,Q96RN5,Q9NVC6,Q13503,Q9ULK4,O75448,Q71SY5,O75586,O43513"
2969,"mTORC2 complex (mTOR/FRAP1, LST8, mAVO3/RICTOR)",,Human,"P42345,Q9BVC4,Q6R327"
3979,"mTORC2 complex (mTOR/FRAP1, LST8, mAVO3/RICTOR, SIN1)",,Human,"P42345,Q9BVC4,Q9BPZ7,Q6R327"
4498,p32-CBF-DNA complex,,Human,"Q07021,P23511,P25208,Q13952"
620,CoREST-HDAC complex,,Human,"O60341,Q13547,Q92769,Q9P0W2,Q96BD5,Q9UKL0,O75362"
5859,FAS-FADD-CASP8-CASP10 complex,,Human,"Q92851,Q14790,Q13158,P25445"
186,Wave-2 complex,,Human,"Q8IZP0,Q8WUW1,Q7L576,Q9Y2A7,Q9Y6W5"
774,THO complex,,Human,"Q96FV9,Q8NI27,Q13769,Q86W42,Q6I9Y2"
813,"Upf complex (UPF1, UPF2, UPF3b)",,Human,"Q92900,Q9HAU5,Q9BZI7"
705,"SNARE complex (RINT1, ZW10, p31)",,Human,"P48556,Q6NUQ1,O43264"
3065,"RNA polymerase II complex, chromatin structure modifying",,Human,"O96019,P24863,P49336,Q13503,Q12824,Q92922,Q8TAQ2,Q969G3,(Q96GM5,Q92925,Q6STE5)"
3296,"SMN complex (GEMIN5,4,3), SMN-independent intermediate",,Human,"Q9UHI6,P57678,Q8TEQ6"
1093,"SNX complex (SNX1a, SNX2, SNX4, INSR)", Insulin receptor complex,Human,"P06213,Q13596,O60749,O95219"
144,Gamma-BAR-AP1 complex,,Human,"Q10567,O43747,O75843,Q9BXS5,Q9Y6Q5,P61966,P56377,Q96PC3,Q63HQ0"
1160,ING1-p300-PCNA complex,,Human,"Q09472,Q9UK53,P12004"
1095,"SNX complex (SNX1a, SNX2, SNX4, EGFR)", EGF receptor complex,Human,"P00533,Q13596,O60749,O95219"
549,DRIP complex, vitamine-D-receptor interacting protein complex,Human,"Q15648,Q93074,Q9UHV7,O60244,Q9Y2X0,Q9NVC6,Q9ULK4,O75448,O95402,Q9NPJ6,O75586,O43513,P28702,P11473"
1091,"SNX complex (SNX1a, SNX2, SNX4, LEPR)", Leptin receptor complex,Human,"P48357,Q13596,O60749,O95219"
1345,Septin complex,,Human,"Q9NVA2,Q15019,Q16181,Q92599,Q9UHD8"
1070,"SNX complex (SNX1a, SNX2, SNX4)",,Human,"Q13596,O60749,O95219"
1096,"SNX complex (SNX1,1a,2,4, PDGF receptor)", PDGF receptor complex,Human,"P16234,Q13596,O60749,O95219"
2715,"Ubiquitin E3 ligase (CSN1, CSN8, HRT1, SKP1, SKP2, CUL1, CUL2, CUL3)",,Human,"Q99627,Q13616,Q13617,Q13618,Q13098,P62877,P63208,Q13309"
1174,PHAX-CBC complex (cap binding complex),,Human,"Q09161,P52298,Q9H814"
2183,Kaiso-NCOR complex,,Human,"Q92828,Q13227,O15379,O75164,P52732,O75376,O60907,Q9BZK7,Q9UPN9,Q86T24"
5226,p14-Mp1-ERK2 complex,,Human,"Q9Y2Q5,P28482,Q9UHA4"
5117,"pRb2/p130-multimolecular complex (DNMT1, E2F4, SuV39H1, HDAC1, RBL2)",,Human,"P26358,Q16254,Q13547,Q08999,O43463"
5736,Pre-initiation complex (PIC),,Human,"P60709,P24928,P20226"
469,TFIID-beta complex, TFIID(beta) transcription factor complex,Human,"P21675,Q12962,Q15544,Q16514,Q15543,Q6P1X5,O00268,Q15542,P49848,Q15545,Q16594,P20226"
2931,SHARP-CtBP1-CtIP-RBP-Jkappa corepressor complex,,Human,"Q13363,Q99708,Q06330,Q96T58"
2638,HES1 promoter corepressor complex,,Human,"P50613,Q92793,Q09472,P24928,Q06330,Q7KZ85"
229,NAT complex,,Human,"P24863,P49336,Q9BTT4,O60244,Q13503,Q9ULK4,O75586"
441,TFTC-type histone acetyl transferase complex,,Human,"P03372,Q92830,Q15648,Q93074,Q9UHV7,O60244,Q9Y2X0,Q9NVC6,Q9ULK4,O75448,Q9Y4A5"
247,RalBP1-CCNB1-AP2A-NUMB-EPN1 complex,,Human,"P14635,Q9Y6I3,P49757,Q15311,(O95782,O94973)"
909,ARC92-Mediator complex, A-Med complex,Human,"P49336,Q15648,Q93074,Q9UHV7,O60244,Q96RN5,Q9Y2X0,Q9NVC6,Q9ULK4,Q71SY5,O95402,O75586,O43513"
5193,"TNF-alpha/NF-kappa B signaling complex (CHUK, KPNA3, NFKB2, NFKBIB, REL, IKBKG,  NFKB1, NFKBIE, RELB,  NFKBIA, RELA, TNIP2)",,Human,"O15111,Q9Y6K9,O00505,P19838,Q00653,P25963,Q15653,O00221,Q04864,Q04206,Q01201,Q8NFZ5"
2529,"LAT-PLC-gamma-1-p85-GRB2-CBL-VAV-SLP-76 signaling complex, C305 activated",,Human,"P22681,P62993,O43561,Q13094,P27986,P19174,P15498"
930,Scrib-beta-PIX-GIT1 complex,,Human,"Q14155,Q9Y2X7,Q14160"
3118,SMN1-SIP1-SNRP complex,,Human,"O14893,Q16637,P14678,P62314,P62316,P62318,P62304"
2657,ESR1-CDK7-CCNH-MNAT1-MTA1-HDAC2 complex,,Human,"P51946,P50613,P03372,Q92769,P51948,Q13330"
5283,tRNA splicing endonuclease,,Human,"Q92989,Q8WW01,Q8NCE0,Q9BSV6,Q7Z6J9"
2897,RBPJ-NotchIC-Mastermind complex, Mam1-RBPJ-Notch1IC complex,Human,"Q92585,P46531,Q06330"
1749,SMN-PolII-RHA complex,,Human,"Q9UHI6,Q08211,P57678,Q00403,P24928,O14893,P14678,P08579,P63162,P20226"
368,ERCC1-ERCC4-MSH2 complex,,Human,"P07992,Q92889,P43246"
514,TFIID-beta complex,,Human,"P21675,Q12962,Q15544,Q16514,Q15543,O00268,Q15542,P49848,Q15545,Q16594,Q9HBM6,P20226"
738,SIN3-ING1b complex I,,Human,"Q4LE39,Q13547,Q92769,Q9UK53,Q09028,Q16576,O00422,O75446,Q96ST3"
2600,BRD4 complex,,Human,"O60885,O60563,P50750,Q15648,Q93074,O60244,Q9NVC6,O75448"
3207,LIN2-LIN7-SAP97-MINT1 complex,,Human,"Q02410,O14936,Q12959,O14910"
103,RNA polymerase II holoenzyme complex,,Human,"P18074,P19447,Q00403,P29083,P29084,P35269,P13984,P32780,Q13888,Q13889,Q92759,P24928,P30876,P19387,O15514,P19388,P61218,P62487,P52434,P36954,P52435,P53803,P62875,P20226"
5386,MLL1-WDR5 complex,,Human,"Q9UBL3,Q8IXM2,Q6PI98,Q9HCK8,O75461,P51610,P34932,Q7Z3B3,Q9Y4W2,Q96EZ8,O43451,Q03164,Q9H7Z6,Q8IZL8,Q9BVI0,Q8WWY3,Q15291,Q99496,Q9Y265,Q9H4L4,P21675,O00268,P49848,Q15545,Q16594,Q9NXF1,P61964"
3753,CREBBP-SMAD2-SMAD4 pentameric complex,,Human,"Q92793,Q15796,Q13485"
2236,ASF1-histone containing complex,,Human,"Q9Y294,Q9NVP2,Q13112,O96017,P68431,P49321,P50502"
2946,YY1-Notch1-RBP-Jkappa complex,,Human,"P46531,Q06330,P25490"
929,CEN complex, centromer chromatin complex,Human,"P35226,Q9BZH6,Q13185,Q9HC52,P49450,P07199,Q03188,Q9H3R5,Q92674,Q9BS16,Q8N0S6,Q9NSP4,Q9BU64,Q53SF7,Q13619,Q16531,Q92620,P22087,P11021,P11142,Q69YN4,Q02241,Q6T4P5,Q71F23,Q8N1F7,Q9H0H5,Q06587,Q99496,Q96T23,Q8NEM2,O60264,Q9BXP5,Q08945,Q9Y5B9,Q15007,Q5T200,Q96JP5"
1177,Polycomb repressive complex 4 (PRC4),,Human,"O75530,Q15910,Q96EB6"
685,MeCP1 complex, Mi2/NuRD-MBD2 complex,Human,"Q14839,Q8WXI9,Q13547,Q92769,Q9UBB5,O95983,O94776,Q09028,Q16576"
2808,RAD9-RAD1-HUS1-APE1 complex, 9-1-1-APE1 complex,Human,"P27695,O60921,O60671,Q99638"
2825,BRCA1-RNA polymerase II complex,,Human,"P38398,P18074,P19447,Q00403,P29083,P29084,P35269,P13984,P32780,Q13888,Q13889,Q92759,Q13503,P24928,P30876,P19387,O15514,P19388,P61218,P62487,P52434,P36954,P52435,P53803,P62875,P20226"
5195,PTIP-HMT complex,,Human,"Q9UBL3,Q9C005,Q8NEZ4,Q14686,Q9BTK6,Q6ZW49,Q15291,O15550,Q9UMN6,P61964"
1413,NCOR1 complex,,Human,"O15379,O75376,Q15459,Q15393,P51532,Q12824,Q92922,Q8TAQ2,Q6ZRS2,Q13263"
2191,"Ubiquitin E3 ligase (FBXO18, SKP1A, CUL1, RBX1)",SCFhFBH1 complex,Human,"Q13616,Q8NFZ0,P62877,P63208"
847,RICH1-PAR3-aPKC polarity complex,,Human,"Q68EM7,Q8TEW0,P41743"
1505,NCOR2 complex,,Human,"Q13547,Q92769,O15379,O75376,Q9Y618,O75446,Q96ST3"
877,"SNARE complex (VAMP4, STX6, STX16, VTI1a, VTI1b)",,Human,"O14662,O43752,O75379,Q96AJ9,Q9UEU0"
636,BHC complex,"BRAF-histone deacetylase complex, BRAF-HDAC complex",Human,"O60341,Q13547,Q92769,Q9P0W2,Q96BD5,Q9UKL0"
2598,NELF complex (Negative elongation factor complex),,Human,"Q8WX92,P18615,Q8IXH7,Q9H3P2"
2858,HBO1 complex,,Human,"Q9HAF1,Q9UNL4,Q8WYH8,O95251,Q9NQC1,Q92613,Q6IE81"
2847,"ING4 complex (ING4, MYST2, C1orf149, PHF15)",,Human,"Q9HAF1,Q9UNL4,O95251,Q9NQC1"
2848,"ING4 complex (ING4, MYST2, C1orf149, PHF16)",,Human,"Q9HAF1,Q9UNL4,O95251,Q92613"
3055,Nop56p-associated pre-rRNA complex, Nop56p-associated pre-ribosomal ribonucleoprotein complex,Human,"P62736,P63267,Q8TDN6,Q9NR30,Q08211,Q99848,P68104,P13639,P22087,Q9BVP2,Q92522,P16402,Q99879,P09651,P52272,Q00839,Q9NZI8,Q12905,Q12906,Q9Y383,Q9NX58,Q9BQG0,P55209,P19338,P55769,Q9Y2X3,O00567,Q14978,P06748,Q13610,Q9NW13,P27635,P62906,P62913,P30050,P26373,P40429,P50914,P61313,P18621,Q07020,Q02543,P84098,P46778,P35268,P62829,P62750,P83731,P61254,P61353,P46776,P46779,P47914,P39023,P62888,P62899,P62910,P42766,P18077,Q9Y3U8,P83881,P61513,P62891,P36578,P46777,Q02878,P18124,P62424,P62917,P32969,P05388,P05386,P05387,P62280,P25398,P62277,P62263,P62841,P62244,P62249,P08708,P62269,P15880,P62266,P62847,P62273,P61247,P62753,P62081,P62241,P46781,O76021,Q6P3W7,P05141,P37108,Q96SB4,Q13428,P11387,Q71U36,Q9H4B7,P49411,Q01081,P26368,P67809"
5280,RAB9-TIP47-MPRI complex,,Human,"P11717,O60664,P51151"
646,HDAC1-associated protein complex,,Human,"O60341,Q12873,Q13547,Q9UBB5,O95983,O94776,Q09028,Q16576,Q9UKL0"
5229,RPA complex, replication complex,Human,"P27694,P15927,P35244"
5343,ELMO1-DOCK1-CRKII complex,,Human,"P46108,Q14185,Q92556"
3618,GammaH2AFX-NDHII-Ku70-DNA complex,,Human,"Q08211,P16104,P12956"
1193,Rap1 complex,,Human,"P49959,P09874,Q92878,Q15554,Q9NYB0,P13010,P12956"
1255,"Ubiquitin E3 ligase (SIAH1, SIP, SKP1A, TBL1X)",,Human,"Q9HB71,Q8IUQ4,P63208,O60907"
355,DNA-PK-Ku antigen complex,,Human,"P78527,P13010,P12956"
4478,CBF-DNA complex,,Human,"P23511,P25208,Q13952"
3082,DGCR8 multiprotein complex,,Human,"Q92841,P17844,Q8WYQ5,Q08211,P35637,P31943,O43390,Q00839,P11021,Q12906,P19338"
1297,MKK4-ARRB2-ASK1 complex,,Human,"P32121,P45985,Q99683"
5251,Ku-ORC complex,,Human,"Q13416,Q9UBD5,O43929,Q9Y5N6,P13010,P12956"
1206,"TRF-Rap1 complex I, 2MD",,Human,"Q9NUX5,P54274,Q15554,Q9NYB0,Q9BSI4,O95271"
5596,"LINC complex, quiescent cells",,Human,"Q16254,Q96GY3,Q52LA3,Q6MZP7,Q5TKA1,Q09028,Q08999"
632,Anti-HDAC2 complex,,Human,"O60341,Q12873,Q14839,Q14687,P78347,Q13547,Q92769,Q9P0W2,Q13330,O94776,Q96BD5,Q09028,Q16576,Q9UKL0,Q9UBW7,Q14202,(Q96ST3,O75182)"
2604,P-TEFb-SKP2 complex,,Human,"O60563,P50750,Q13309"
138,Telosome complex, telomere-associated protein complex,Human,"Q96AP0,Q9NUX5,P54274,Q15554,Q9NYB0,Q9BSI4"
5502,EED-EZH-YY1 polycomb complex,,Human,"O75530,Q15910,P25490"
5253,MNK1-eIF4F complex,,Human,"P60842,P06730,Q9BUB5,(Q04637,P78344)"
389,ORC complex (origin recognition complex),,Human,"Q13415,Q13416,Q9UBD5,O43929,O43913,Q9Y5N6"
3045,hs4 enhancer complex (faster migrating complex),,Human,"P19838,P14859,P09086,Q04206,P25490"
2429,ITGA2-ITGB1-CD47 complex, integrin complex,Human,"Q08722,P17301,P05556"
2534,"Cbl-SLP-76-Grb2 complex, Fc receptor gamma-R1 stimulated",,Human,"P22681,P62993,Q13094"
2745,"Ubiquitin ligase complex (TRAF6, TAB2, MALT1, UEV1A, BCL10)",,Human,"O95999,Q9UDY8,Q9NYJ8,Q9Y4K3,Q13404"
485,"TFIID complex, B-cell specific",,Human,"P21675,Q12962,Q15544,Q16514,Q15543,O00268,Q92750,Q15542,P49848,Q15545,Q16594,P20226"
815,MRIP-MBS-RHOA complex,,Human,"Q6WCQ1,O14974,P61586"
219,CAND1-CUL1-RBX1 complex,,Human,"Q86VP6,Q13616,P62877"
493,DAB complex, TFIID-TFIIA-TFIIB complex,Human,"P52655,P52657,Q00403,P21675,Q12962,Q15544,Q16514,Q15543,Q6P1X5,Q5VWG9,O00268,Q15542,P49848,Q15545,Q16594,P20226"
2719,Casein kinase II-HMG1 complex, FCP1-specific kinase complex,Human,"P68400,P19784,P67870,P09429"
376,PCNA-MutS-alpha-MutL-alpha-DNA complex, PCNA-MSH2-MSH6-MLH1-PMS2 complex,Human,"P40692,P43246,P52701,P12004,P54278"
4403,"EIF3 complex (EIF3A, EIF3B, EIF3G, EIF3I, EIF3J)",,Human,"Q14152,P55884,O75821,Q13347,O75822"
1571,Vigilin-DNA-PK-Ku antigen complex, vigilin-Ku70-Ku86-DNA-PKcs complex,Human,"Q00341,P78527,P13010,P12956"
3070,CTF18-cohesion-RFC-POLH complex,,Human,"Q8WVB6,Q8WV66,Q9BVC3,Q9Y253,P35250,P40938,P35249,P40937"
509,TFIID complex,,Human,"P21675,Q12962,Q15544,Q16514,Q15543,Q92804,O00268,Q15542,P49848,Q15545,Q16594,P20226"
5608,Emerin architectural complex,,Human,"P60709,P50402,P02545,P20700,Q13287,Q13813"
438,GCN5-TRRAP histone acetyltransferase complex, GCN5-TRRAP-HAT complex,Human,"P38398,Q92830,P43246,P52701,O75486,O75528,Q12962,O75529,Q16594,Q9Y4A5"
297,PCNA-DNA polymerase delta complex,,Human,"P12004,P28340,P49005,Q15054,Q9HCU8"
563,"F1F0-ATP synthase (EC 3.6.3.14), mitochondrial", Complex V | F1F0 ATPase,Human,"P25705,P06576,P36542,P30049,P56381,P24539,P05496,O75947,P56385,P18859,P56134,O75964,P48047,Q6IAQ7,P00846,P03928"
181,26S proteasome,,Human,"P25786,P25787,P25788,P25789,P28066,P60900,O14818,P20618,P49721,P49720,P28070,P28074,P28072,Q99436,P62191,P35998,P17980,P43686,P62195,P62333,Q9UNM6,P55036"
5196,"TNF-alpha/NF-kappa B signaling complex (CHUK, BTRC, NFKB2, PPP6C, REL, CUL1, IKBKE, SAPS2, SAPS1, ANKRD28, RELA, SKP1)",,Human,"O15084,Q9Y297,O15111,Q13616,Q14164,Q00653,O00743,Q04864,Q04206,Q9UPN7,O75170,P63208"
2547,PLC-gamma-1-SLP-76-SOS1-LAT complex,,Human,"O43561,Q13094,P19174,Q07889"
3032,"RNA-induced silencing complex, RISC",,Human,"Q9UPY3,Q9UKV8,P08238,Q15633"
193,PA700-20S-PA28 complex, proteasome,Human,"P25786,P25787,P25788,P25789,P28066,P60900,O14818,P20618,P49721,P49720,P28070,P28074,P28072,Q99436,P62191,P35998,P17980,P43686,P62195,P62333,Q99460,O75832,O00231,O00232,Q9UNM6,O00487,Q13200,O43242,P55036,Q16401,Q15008,P51665,P48556,O00233,Q06323,Q9UL46"
1194,E2F-6 complex, E2F6.com-1 complex,Human,"O75461,Q9H9B1,Q96KQ7,O75712,Q969R5,P61244,Q8IWI9,Q9BYE7,Q06587,Q99496,Q14186,Q8IY57"
492,DA complex, TFIID-TFIIA complex,Human,"P52655,P52657,P21675,Q12962,Q15544,Q16514,Q15543,Q6P1X5,Q5VWG9,O00268,Q15542,P49848,Q15545,Q16594,P20226"
2601,P-TEFb-BRD4-TRAP220 complex,,Human,"O60885,O60563,P50750,Q15648"
1147,"Polyadenylation complex (CSTF1, CSTF2, CSTF3, SYMPK CPSF1, CPSF2, CPSF3)",,Human,"Q10570,Q9P2I0,Q9UKF6,Q05048,P33240,Q12996,Q92797"
1169,"SNARE complex (STX4, VAMP8, VAMP3, SNAP23)",,Human,"O00161,Q12846,Q15836,Q9BV40"
811,FCP1-associated protein complex,,Human,"Q9Y5B0,P84090,P35269,P30876,O14744,Q15208,Q9BQA1"
1352,"ING4 complex (ING4, MYST2, C1orf149, PHF17)",,Human,"Q9HAF1,Q9UNL4,O95251,Q6IE81"
1162,"Ubiquitin E3 ligase (DDB1, DDB2, CUL4A, CUL4B, RBX1)",,Human,"Q13619,Q13620,Q16531,Q92466,P62877"
284,CRSP complex, Cofactor required for Sp1,Human,"Q15648,O60244,Q96RN5,Q9NVC6,Q13503,Q9ULK4,O75448,Q71SY5,O95402,O75586,O43513"
3102,DHX9-ADAR-vigilin-DNA-PK-Ku antigen complex,,Human,"P55265,Q08211,Q00341,P78527,P13010,P12956"
67,AP4 adaptor complex,,Human,"Q9Y6B7,Q9UPM8,O00189,Q9Y587"
2774,MDC1-H2AFX-TP53BP1 complex,,Human,"P16104,Q14676,Q12888"
910,CRSP-Mediator 2 complex, CRSP-Med 2 complex,Human,"O60244,Q96RN5,Q9Y2X0,Q9NVC6,Q9BUE0,Q9ULK4,O75448,Q9NPJ6,O75586,O43513"
5589,"LINC complex, S-phase",,Human,"Q96GY3,Q52LA3,Q6MZP7,Q5TKA1,P10244,Q09028,P28749"
520,KCNQ1 macromolecular complex,,Human,"Q99996,P51787,(P62136,P62140,P36873),(P17612,P22694,P22612),(P13861,P31323)"
5727,TBP-TAF complex,,Human,"Q15573,Q53T94,Q15572,P20226"
3166,AXIN-APC-betaCatenin-GSK3B complex,,Human,"P25054,O15169,P35222,P49841"
310,Cell cycle kinase complex CDC2,,Human,"P14635,O95067,P24385,P06493,P38936,P12004"
1214,"Ubiquitin E3 ligase (DET1, DDB1, CUL4A, RBX1, COP1)",DCXhDET1-hCOP1 complex,Human,"Q13619,Q16531,Q7L5Y6,P62877,Q8NHY2"
1030,CAK-ERCC2 complex,,Human,"P51946,P50613,P18074,P51948"
1149,Histone H3.1 complex,,Human,"Q9Y294,Q9NVP2,Q13111,Q13112,O14929,P68431,P62805,Q8TEX9,P49321,Q09028"
5614,Emerin complex 32,,Human,"P60709,Q9H503,Q14839,Q9C005,P50402,Q13547,O15379,P68431,P20700,Q9NPJ6,Q13287,P28749,Q08999,Q9UKL0,O00422,Q12824,Q92922,Q8TAQ2,Q13813,Q9BZK7,Q9BQ87,Q13263"
2710,LRP-1-Alpha-2-M-annexin VI complex,,Human,"P01023,P08133,Q07954"
649,HDAC1-associated core complex cII,,Human,"Q12873,Q13547,Q9UBB5,O95983,O94776,Q09028,Q16576,Q9UKL0,(Q86YP4,Q8WXI9)"
2536,PLC-gamma-2-SLP-76-Lyn-Grb2 complex,,Human,"P62993,Q13094,P07948,P16885"
1167,Paf complex, hPAF complex,Human,"Q6P1J9,Q6PD62,Q8WVC0,Q8N7H5,Q9GZS3"
301,SMCC complex,SRB/MED-containing cofactor complex,Human,"P24863,P49336,Q15648,Q9BTT4,Q93074,Q9UHV7,O60244,Q9Y2X0,Q9NVC6,Q9H944,Q13503,O75448,Q6P2C8,Q9Y3C7,O75586,O43513,Q9Y2W1"
2730,Set1B complex,,Human,"Q9UBL3,Q8ND76,Q15291,Q9UPS6,P61964,Q6UXN9"
2753,FYB-CARMA1-BCL-10-MALT1 complex,,Human,"O95999,Q9BXL7,O15117,Q9UDY8"
1400,ASCOM complex, ASC-2 complex,Human,"Q9UBL3,O14686,Q8NEZ4,Q14686,Q15291,P68366,P07437"
1243,"Ubiquitin E3 ligase (SPOP, DAXX, CUL3)",,Human,"Q13618,Q9UER7,O43791"
2752,CARMA1-BCL10-MALT1 complex,,Human,"O95999,Q9BXL7,Q9UDY8"
2961,"SLP-76-PLC-gamma-1-VAV complex, alpha-TCR stimulated",,Human,"Q13094,P19174,P15498"
5541,"Ternary complex (TRAF2, FADD, TRADD)",,Human,"Q13158,Q15628,Q12933"
2853,ITGA5-ITGB1-CAL4A3 complex, integrin complex,Human,"P39060,P08648,P05556"
1261,SRm160/300 complex,,Human,"P08621,P09661,Q8IYB3,Q9UQ35,P62995"
3149,NK-3-Groucho-HIPK2-SIN3A-RbpA48-HDAC1 complex,,Human,"Q13547,Q9H2X6,Q09028,Q96ST3,(Q99801,P78367),(Q04724,Q04725,Q04726,Q04727,Q9H808)"
2235,ASF1-interacting protein complex,,Human,"Q9Y294,Q9NVP2,Q13111,Q13112,P54198,P68431"
634,XFIM complex,,Human,"O60341,P78347,Q13547,Q92769,Q14202"
2197,FEN1-9-1-1 complex,,Human,"P39748,O60921,O60671,Q99638"
2766,TERF2-RAP1 complex,,Human,"P49959,Q92878,Q15554,Q9NYB0,Q9BSI4,P13010,P12956"
642,CtBP complex,,Human,"O60341,O00257,Q9Y232,Q13363,P56545,Q9H9B1,Q96KQ7,Q13547,Q92769,Q96JN0,Q9UKL0,Q9P2K3,Q92766,P37275,O60315,O75362,Q92618"
5461,p50-p65 NF(kappa)B-SRC1 complex,,Human,"Q15788,P19838,Q04206"
2760,SMAD3-SMAD4-FOXO3 complex,,Human,"O43524,P84022,Q13485"
5209,Ubiquilin-proteasome complex,,Human,"P25786,P25787,P60900,Q05086,Q9UMX0,Q9UHD9"
2707,SMAD3-SMAD4-FOXO3-FOXG1 complex,,Human,"P55316,O43524,P84022,Q13485"
5233,TNF-alpha/NF-kappa B signaling complex 5,,Human,"O15446,O15111,Q13616,Q9UKB1,O14920,Q9Y6K9,Q13576,P52292,P42704,P23508,P46199,P19838,Q00653,Q15653,Q16342,O95602,Q9H9Y6,Q9Y2S0,Q9GZS1,P52434,P62875,Q9UJF2,Q04864,Q04206,P63208"
5184,SWI/SNF chromatin-remodeling complex,,Human,"Q13547,P51608,Q96ST3,P51531,Q969G3"
1372,Rb-tal-1-E2A-Lmo2-Ldb1 complex,,Human,"Q86U70,P25791,P06400,P17542,P15923"
732,SIN3 complex,,Human,"Q13547,Q92769,Q09028,Q16576,O00422,O75446,Q96ST3"
2685,RNA polymerase II (RNAPII),,Human,"Q9Y5B0,Q00403,P35269,P13984,P24928,P30876,P19387,O15514,P19388,P61218,P62487,P52434,P36954,P52435,P53803,P62875,Q9BWH6"
2226,MutS-alpha-PK-zeta complex,,Human,"P43246,P52701,Q05513"
224,CAND1-CUL4B-RBX1 complex,,Human,"Q86VP6,Q13620,P62877"
2797,PCNA-CHL12-RFC2-5 complex,,Human,"Q8WVB6,P12004,P35250,P40938,P35249,P40937"
535,TRAP complex, thyroid hormone receptor-associated protein complex,Human,"P24863,Q15648,Q9BTT4,Q93074,Q9UHV7,O60244,Q9Y2X0,Q9NVC6,Q13503,O75448,Q6P2C8,Q9Y3C7,Q9NPJ6,O75586,P10827,Q9Y2W1"
2211,BARD1-BRCA1-CSTF complex,,Human,"Q99728,P38398,Q05048,P33240,Q12996"
997,KIN17-PCNA-RPA70 complex,,Human,"O60870,P12004,P27694"
3754,CREBBP-SMAD3-SMAD4 pentameric complex,,Human,"Q92793,P84022,Q13485"
2837,Profilin 1 complex,,Human,"P63261,Q00610,P11142,P07737,Q9BVA1,P55072"
5342,ELMO1-DOCK1-RAC1 complex,,Human,"Q14185,Q92556,P63000"
1106,TFIIIC containing-TOP1-SUB1 complex,,Human,"Q12789,Q8WUA4,Q9Y5Q9,Q9UKN8,Q9Y5Q8,P53999,P11387"
5231,53BP1-containing complex, 53BP1-Ku70-Ku80-RPA1-RPA2 complex,Human,"P27694,P15927,Q12888,P13010,P12956"
2960,"SLP-76-PLC-gamma-1-ITK complex, alpha-TCR stimulated",,Human,"Q08881,Q13094,P19174"
1827,PML-SMAD2/3-SARA complex,,Human,"P29590,Q15796,P84022,O95405"
1143,SMN complex,,Human,"Q9UHI6,P57678,Q8TEQ6,Q8WXD5,Q9H840,Q9NWZ8,O14893,Q16637,P14678,P62314,P62316,P62318,P62304,P62306,P62308,Q9Y3F4"
614,NRD complex (Nucleosome remodeling and deacetylation complex),,Human,"O60341,Q12873,Q14839,Q13547,Q92769,Q13330,Q09028"
2728,SRC-1 complex,,Human,"Q92793,Q15788,Q15596,P10155"
5611,Emerin complex 24,,Human,"Q9H503,Q07021,P50402,Q02539,P68431,Q00839,P02545,P20700,P49736,P33991,Q14566,Q13287,P06400,Q08999,Q9H0E3"
2834,SMAD4-SMAD2-SMAD3 complex,,Human,"Q15796,P84022,Q13485"
874,"SNARE complex (VAMP3, VAMP4, VAMP8, STX6)",,Human,"O43752,Q15836,O75379,Q9BV40"
3036,"Ubiquitin E3 ligase (SKP1A, SKP2, CUL1, CKS1B, RBX1)",,Human,"P61024,Q13616,P62877,P63208,Q13309"
1141,CF IIAm complex (Cleavage factor IIAm complex),,Human,"Q14444,Q92989,Q9UKF6,Q16630,Q8N684,O60231,P19447,Q92759,P49959,O43809,O94913,P26599,P23246,Q07157,Q01081,P26368"
3262,SCAMP1-SCAMP2-SCAMP3 complex,,Human,"O15126,O15127,O14828"
519,AMY-1-S-AKAP84-RII-beta complex,,Human,"Q92667,Q99417,P31323"
1211,"Ubiquitin E3 ligase (AHR, ARNT, DDB1, TBL3, CUL4B, RBX1)", CUL4AhR complex,Human,"P35869,P27540,Q13620,Q16531,P62877,Q12788"
1005,RC complex during G2/M-phase of cell cycle,,Human,"P20248,P14635,P06493,P09874,P09884,P28340,Q07864,P35251,P35250,P27694,P15927,P35244,P11387"
221,CAND1-CUL2-RBX1 complex,,Human,"Q86VP6,Q13617,P62877"
5159,E2F4-p107-cyclinE complex,,Human,"P24864,Q16254,P28749"
5495,"TFIIH transcription factor complex (ERCC2, ERCC3, GTF2H1, CDK7, CCNH, GTF2H2)",,Human,"P51946,P50613,P18074,P19447,P32780,Q13888"
1183,CDC5L complex,,Human,"O75934,Q7L1Q6,Q99459,Q9P013,Q14204,Q92616,P11142,Q12905,O43660,O15297,P62136,P78527,Q9UMS4,Q9UPN6,P38159,O75533,Q13435,Q15427,A8K8P3,P23246,Q07955,Q01130,P09012,P09661,P62314,P62316,P62318,Q8IYB3,P15884,P11388"
627,MRN-TRRAP complex (MRE11A-RAD50-NBN-TRRAP complex),,Human,"P49959,O60934,Q92878,Q9Y4A5"
747,NCOR-SIN3-HDAC1 complex,,Human,"Q13547,Q9Y618,Q96ST3"
3263,HERP1/HEY2-NCOR-SIN3A complex,,Human,"Q13547,Q9UBP5,Q9Y618,Q96ST3"
2918,Ku antigen-YY1-alphaMyHC promoter complex, Ku70-Ku80-YY1-alphaMyHC promoter complex,Human,"P13010,P12956,P25490"
2775,MDC1-p53BP1-SMC1 complex,,Human,"Q14676,Q14683,Q12888"
2187,"Ubiquitin E3 ligase (NFKBIA, FBXW11, BTRC, CUL1, SKP1A)",,Human,"Q9Y297,Q13616,Q9UKB1,P25963,P63208"
2738,BLM complex II, BLM-CII complex,Human,"P54132,Q9H9A7,P27694,P15927,P35244,Q13472"
243,RalBP1-CDC2-CCNB1 complex,,Human,"P14635,P06493,Q15311"
3004,APC-Axin-1-beta-catenin complex, 23S APC-containing complex,Human,"P25054,O15169,P35222"
1154,DSS1 complex,,Human,"P51587,Q5TA45,Q9NVR2,Q9H0H0,Q96HW7,Q6P9B9,Q9UL03,Q9NVH2,Q75QN2,Q9NV88,Q96PV6,A6H687,P60896"
1259,Chromatin assembly complex (CAF-1 complex),,Human,"Q13111,Q13112,Q09028"
209,"Ubiquitin E3 ligase (ASB6, TCEB1, TCEB2, CUL5, RNF7)", Asb6-Elongin BC-Cul5-Rbx2 complex,Human,"Q9NWX5,Q93034,Q9UBF6,Q15369,Q15370"
2877,BRD4-P-TEFb complex,,Human,"O60885,O60563,P50750"
781,URI complex (Unconventional prefoldin RPB5 Interactor),Prefoldin-like complex,Human,"Q13616,Q9UHV9,P19388,O94763,Q9Y265,Q9Y230,P63208,Q13309,Q9ULZ2"
4869,beta(1)-AR receptosome (ADRB1-SAP97-AKAP79-PRKAR2A),,Human,"P08588,P24588,Q12959,P13861"
3067,"RNA polymerase II complex, incomplete (CDK8 complex), chromatin structure modifying",,Human,"P24863,P51946,P49336,P35269,Q13503,Q12824,Q92922,Q8TAQ2"
3015,"p27-cyclinE-Cdk2 - Ubiquitin E3 ligase (SKP1A, SKP2, CUL1, CKS1B, RBX1) complex",,Human,"P24864,P24941,P46527,P61024,Q13616,P62877,P63208,Q13309"
3044,SKI-NCOR1-SIN3A-HDAC1 complex,,Human,"Q13547,O75376,Q96ST3,P12755"
1150,Histone H3.3 complex,,Human,"Q9Y294,Q9NVP2,P84243,O14929,P54198,P62805,Q8TEX9,P49321,Q09028"
822,"mRNA decay complex (UPF1, UPF2, UPF3B, DCP2, XRN1, XRN2, EXOSC2, EXOSC4, EXOSC10, PARN)",,Human,"Q8IU60,Q01780,Q13868,Q9NPD3,O95453,Q92900,Q9HAU5,Q9BZI7,Q8IZH2,Q9H0D6"
214,"Ubiquitin E3 ligase (WSB1, TCEB1, TCEB2, CUL5, RBX1)",WSB1-Elongin BC-CUL5-RBX1 complex,Human,"Q93034,P62877,Q15369,Q15370,Q9Y6I7"
1254,Menin-associated histone methyltransferase complex, menin HMTase complex,Human,"Q9UBL3,Q9C005,O00255,P30876,Q15291,Q9UMN6,P61964"
2721,HCF-1 complex, HCF-1-associated protein complex,Human,"Q9UBL3,P51610,Q13547,Q92769,P34932,P11021,P11142,O15294,Q09028,Q16576,O75446,O15047,Q96ST3,O75182,P08047,Q9H7L9,P61964,(P07900,P08238)"
5222,p14-Mp1-MEK1 complex,,Human,"Q02750,Q9Y2Q5,Q9UHA4"
5919,BRAF-RAF1-14-3-3 complex,,Human,"P15056,P04049,(P31947,P31946,P62258,P61981,Q04917,P27348,P63104)"
5381,"RNA-induced silencing complex, RISC"," TRBP containing complex (DICER, TRBP, AGO2)",Human,"Q9UPY3,Q9UKV8,Q15633"
61,Mi2/NuRD complex, Mi2-beta-histone deacetylase complex,Human,"Q14839,Q13547,Q92769,O95983,O94776,Q09028,Q16576"
725,P2X7 receptor signalling complex,,Human,"P60709,O43707,P08238,P08107,P11142,P05107,Q16787,Q13368,Q64663,P42356,P23467,O95425"
5593,LINC core complex,,Human,"Q96GY3,Q52LA3,Q6MZP7,Q5TKA1,Q09028"
888,MTA2 complex,,Human,"Q14839,Q13547,Q92769,O95983,O94776,Q09028,Q16576,(Q96ST3,O75182)"
1186,ESCRT-III complex,,Human,"Q9HD42,Q7LBR1,O43633,Q9UQN3,Q9BY43,Q9H444,Q96CF2,Q9NZZ3,Q96FZ7,Q9Y3E7"
222,CAND1-CUL3-RBX1 complex,,Human,"Q86VP6,Q13618,P62877"
1204,Rap1 complex,,Human,"Q96AP0,Q9NUX5,Q92878,P54274,Q15554,Q9NYB0,Q9BSI4"
2842,DAXX-Axin-p53-HIPK2 complex,,Human,"O15169,Q9UER7,Q9H2X6,P04637"
5220,CHUK-IQGAP2-AKAP8L-RELA-TNIP2 complex,,Human,"Q9ULX6,O15111,Q13576,Q04206,Q8NFZ5"
234,HuCHRAC complex,,Human,"Q9NRL2,Q9NRG0,Q9NRF9,O60264"
1146,Cleavage stimulation factor,,Human,"Q05048,P33240,Q12996"
486,WIP-WASp-actin-myosin-IIa complex,,Human,"P62736,P19105,P35579,P60660,P42768,O43516"
5211,RAF1-PPP2-PIN1 complex,,Human,"Q13526,P62714,P30153,P63151,P04049"
1104,"SNX complex (SNX1a, SNX2, SNX4, TFRC)", Transferrin receptor complex,Human,"Q13596,O60749,O95219,P02786"
5872,BRAF-MAP2K1-MAP2K2-YWHAE complex,,Human,"P15056,Q02750,P36507,P62258"
2198,RAD9-RAD1-HUS1-POLB complex, 9-1-1-POLB complex,Human,"O60921,P06746,O60671,Q99638"
1178,BCOR complex, Ubiquitin E3 ligase,Human,"Q6W2J9,Q8NHM5,P11142,Q9BSM1,Q06587,Q99496,Q8N488,P63208"
95,Ku antigen-NARG1 complex, OCFRE-binding complex,Human,"Q9BXJ9,P13010,P12956"
5243,XRCC1-LIG3-PNK-TDP1 complex,,Human,"P49916,Q96T60,Q9NUW8,P18887"
2431,ITGA2-ITGB1-COL6A3 complex, integrin complex,Human,"P12111,P17301,P05556"
974,EED-EZH2 complex, ESC-E(Z) complex | H3-specific methyltransferase complex,Human,"Q6ZN18,O75530,Q15910,Q09028,Q15022"
5179,NCOA6-DNA-PK-Ku-PARP1 complex,,Human,"Q14686,P09874,P78527,P13010,P12956"
1179,CENP-A NAC-CAD complex,,Human,"Q8N2Z9,Q03188,Q9H3R5,Q9BS16,Q8N0S6,Q9NSP4,Q96H22,Q9BU64,Q6IPU0,Q7L2Z9,Q96BT3,Q13352,Q71F23"
5546,CDC2-PCNA-CCNB1-GADD45G complex,,Human,"P14635,P06493,O95257,P12004"
5544,CDC2-PCNA-CCNB1-GADD45A complex,,Human,"P14635,P06493,P24522,P12004"
846,"RICH1/AMOT polarity complex, Flag-Rich1 precipitated",,Human,"Q4VCS5,Q68EM7,P47756,Q9Y5K6,Q8NI35,Q8N3R9,Q96B97,(P52907,P47755)"
5545,CDC2-PCNA-CCNB1-GADD45B complex,,Human,"P14635,P06493,O75293,P12004"
1004,RC complex during S-phase of cell cycle,,Human,"P20248,P24941,P18858,P09874,P09884,P28340,Q07864,P35251,P35250,P27694,P15927,P35244,P11387"
1379,GALNS-lysosomal hydrolase 1.27 MDa complex,,Human,"P10619,P34059,P16278,Q99519"
5144,E2F1-p107-cyclinA complex,,Human,"P20248,Q01094,P28749"
1223,"H2AX complex, isolated from cells without IR exposure",,Human,"P62158,P27797,Q9Y262,P16104,P62805,Q8N257,O43390,P11021,P06748,P11940,P05455,Q08945,Q9Y5B9"
2731,Set1A complex, SET1-CFP1 complex,Human,"Q9UBL3,Q8ND76,Q15291,O15047,P61964,Q6UXN9"
2799,RFC complex, Replication factor C complex,Human,"P35251,P35250,P40938,P35249,P40937"
2192,"Ubiquitin E3 ligase (NIPA, SKP1A, CUL1, RBX1)",SCF(NIPA),Human,"Q13616,P62877,P63208,Q86WB0"
3156,CBF1-HDAC1-SMRT complex,,Human,"Q13547,Q9Y618,Q06330"
127,NDC80 kinetochore complex,,Human,"O14777,Q9BZD4,Q8NBT2,Q9HBM1"
889,MTA1-HDAC core complex,,Human,"Q6IT96,Q92769,Q13330,Q09028,Q16576"
5378,"TRBP containing complex (DICER, TRBP, AGO2, RPL7A, EIF6, MOV10)",,Human,"Q9UPY3,Q9UKV8,P56537,Q9HCE1,P62424,Q15633"
2936,"Ecsit complex (ECSIT, MT-CO2, GAPDH, TRAF6, NDUFAF1)",,Human,"Q9BQ95,P04406,P00403,Q9Y375,Q9Y4K3"
1029,TFIIH transcription factor complex,,Human,"P51946,P50613,P18074,P19447,P32780,Q13888,Q13889,Q92759,Q6ZYL4,P51948"
313,Cell cycle kinase complex CDK5,,Human,"P24385,P30281,Q00535,P38936,P12004"
211,"Ubiquitin E3 ligase (ASB12, TCEB1, TCEB2, CUL5, RNF7)", Asb12-Elongin BC-Cul5-Rbx2 complex,Human,"Q8WXK4,Q93034,Q9UBF6,Q15369,Q15370"
587,NuRD.1 complex, nucleosome remodeling and histone deacetylation complex,Human,"Q14839,Q6IT96,Q92769,O95983,Q13330,Q9BTC8,Q09028,Q16576"
207,"Ubiquitin E3 ligase (ASB2, TCEB1, TCEB2, CUL5, RNF7)", Asb2-Elongin BC-Cul5-Rbx2 complex,Human,"Q96Q27,Q93034,Q9UBF6,Q15369,Q15370"
2196,LIG1-9-1-1 complex,,Human,"O60921,P18858,O60671,Q99638"
5286,TNF-alpha/NF-kappa B signaling complex 10,,Human,"Q676U5,Q8IX12,Q16543,O15111,P07900,P08238,Q9Y6K9,Q15653,Q9UHD2,P40222"
210,"Ubiquitin E3 ligase (ASB7, TCEB1, TCEB2, CUL5, RNF7)", Asb7-Elongin BC-Cul5-Rbx2 complex,Human,"Q9H672,Q93034,Q9UBF6,Q15369,Q15370"
814,Postsplicing complex,,Human,"Q9UBU9,Q9Y5S9,Q15287,Q92900,Q9HAU5,Q9H1J1,Q9BZI7"
5564,LMO4-gp130 complex,,Human,"P40189,P23458,P61968,Q06124,O14543"
285,PCNA-MLH1-PMS1 complex,,Human,"P40692,P12004,P54277"
2859,ING5 complex,,Human,"O95696,P55201,Q9ULD4,Q9HAF1,Q8WYH8,O95251,Q92794,Q8WYB5,Q9NQC1,Q92613,Q6IE81"
5695,TIP5-DNMT-HDAC1 complex,,Human,"Q9UIF9,P26358,Q9UBC3,Q13547"
812,"Upf complex (UPF1, UPF2, UPF3a)",,Human,"Q92900,Q9HAU5,Q9H1J1"
3129,STAT6-p100-RHA complex,,Human,"Q08211,Q7KZF4,P42226"
2255,Cofilin-actin-CAP1 complex,,Human,"P60709,Q01518,P23528"
116,"Polycomb repressive complex 1 (PRC1, hPRC-H)",,Human,"P35226,Q14781,O00257,Q9HC52,P08107,P78364,Q8IXK0,Q8NDX5,Q06587,Q99496,Q96GD3,O60264,P25490"
423,EXO1-MLH1-PMS2 complex,,Human,"Q9UQ84,P40692,P54278"
1231,FIB-associated protein complex,,Human,"Q07021,P22087,Q99873,O14744,Q71U36,Q9H4B7"
5317,LATS1-HTRA2-BIRC4 complex,,Human,"O43464,O95835,P98170"
622,"Ubiquitin E3 ligase (VHL, TCEB1, TCEB2, CUL2)",,Human,"Q13617,Q15369,Q15370,P40337"
1148,snRNP-free U1A (SF-A) complex,,Human,"P17844,Q15233,P23246,P09012"
924,Toposome,,Human,"Q9NR30,Q08211,P07910,Q6P2Q9,Q96SB4,Q08945,P11388"
5212,Kinase maturation complex 2,,Human,"Q9H6S1,Q16543,P07900,P08238,Q92844,Q9UHD2,A7MCY6,Q12933"
5177,"Polycystin-1 multiprotein complex (ACTN1, CDH1, SRC, JUP, VCL, CTNNB1, PXN, BCAR1, PKD1, PTK2, TLN1)",,Human,"P12814,P56945,P12830,P35222,P14923,P98161,Q05397,P49023,P12931,Q9Y490,P18206"
1332,Large Drosha complex,,Human,"Q92499,Q92841,O00571,P17844,Q8WYQ5,O43143,Q01844,P35637,P31943,P52272,Q00839,Q9BUJ2,O14979,Q12905,Q12906,Q9UKM9,Q9NRR4,Q96SB4,Q92804,Q13148"
5183,DNA-PK-Ku-eIF2-NF90-NF45 complex,,Human,"P05198,P20042,P41091,Q12905,Q12906,P78527,P13010,P12956"
886,MTA1 complex,,Human,"Q6IT96,Q92769,O95983,Q13330,Q09028,Q16576"
391,"Ubiquitin E3 ligase (DDB1, CUL4A, RBX1)",Ddb1-Cul4a-Roc1 complex,Human,"Q13619,Q16531,P62877"
753,UTM-SGCE-DAG1-CAV1-NOS3 complex,,Human,"Q03135,Q14118,P29474,O43556,P46939"
1092,PCNA-KU antigen complex, PCNA-Ku70-Ku80 complex,Human,"P12004,P13010,P12956"
5876,PPP2R1A-PPP2R1B-PPP2CA-PPME1-EIF4A1 complex,,Human,"P60842,Q9Y570,P67775,P30153,P30154"
2739,FA complex (Fanconi anemia complex),,Human,"P54132,O15360,Q8NB91,Q00597,Q9HB96,Q9NPI8,O15287,Q9NW38,Q9H9A7,P27694,Q13472"
2172,"Ubiquitin E3 ligase (CDT1, DDB1, CUL4A, RBX1)",,Human,"Q9H211,Q13619,Q16531,P62877"
3027,TGF-beta receptor II-TGF-beta receptor I-TGF-beta1 complex,,Human,"P01137,P36897,P37173"
1377,hASC-1 complex,,Human,"Q8N9N2,Q9H1I8,Q8N3C0,Q15650"
2383,ITGA5-ITGB1-FN1-TGM2 complex,,Human,"P02751,P08648,P05556,P21980"
5606,Emerin-actin-NMI-(alphaII)spectrin complex,,Human,"P60709,P50402,Q13287,Q13813"
244,BRAFT complex, BLM complex I,Human,"P54132,O15360,Q00597,Q9HB96,Q9NPI8,O15287,Q9NW38,P40692,Q9H9A7,P27694,P15927,P35244,Q13472"
286,PCNA-MSH2-MSH6 complex,,Human,"P43246,P52701,P12004"
1052,"Ubiquitin E3 ligase (FBXW11, SKP1A, CUL1, RBX1)",SCF(HOS)-ROC1  complex,Human,"Q13616,Q9UKB1,P62877,P63208"
650,HDAC2-asscociated core complex,,Human,"Q12873,Q92769,O95983,O94776,Q09028,Q16576,(Q86YP4,Q8WXI9)"
1051,"Ubiquitin E3 ligase (SKP1A, SKP2, CUL1, RBX1)",,Human,"Q13616,P62877,P63208,Q13309"
280,HMGB1-HMGB2-HSC70-ERP60-GAPDH complex,,Human,"P04406,P09429,P26583,P11142,P30101"
5285,TNF-alpha/NF-kappa B signaling complex 9,,Human,"Q16543,O15111,Q13451,P08238,Q15653"
2319,ITGA6-ITGB4-Laminin10/12 complex, integrin complex,Human,"P23229,P16144,O15230,P55268,P11047"
871,BRAF53-BRCA2 complex,,Human,"O60341,P51587,Q13547,Q92769,Q9P0W2,Q96BD5,Q9UKL0"
2692,SMAD3-SMAD4-cJun-cFos complex,,Human,"P01100,P05412,P84022,Q13485"
2384,ITGA5-ITGB1-ADAM15 complex, integrin complex,Human,"Q13444,P08648,P05556"
2708,SMAD3-SMAD4-cJUN complex,,Human,"P05412,P84022,Q13485"
223,CAND1-CUL4A-RBX1 complex,,Human,"Q86VP6,Q13619,P62877"
1828,TGF-beta receptor I-Axin-SMAD3 complex,,Human,"O15169,P84022,P36897"
996,Polycomb repressive complex 2 (PRC2),,Human,"O75530,Q15910,Q09028,Q16576,Q15022"
2188,"Ubiquitin E3 ligase (CDC34, NEDD8, BTRC, CUL1, SKP1A, RBX1)",,Human,"Q9Y297,Q13616,Q15843,P62877,P63208"
2189,"Ubiquitin E3 ligase (SMAD3, BTRC, CUL1, SKP1A, RBX1)",ROC1-SCFFbw1a,Human,"Q9Y297,Q13616,P62877,P63208,P84022"
2686,BRCA1-core RNA polymerase II complex,,Human,"P38398,P24928,P30876,P19387,O15514,P19388,P61218,P62487,P52434,P36954,P52435,P53803,P62875"
2817,BRCA1-BARD1-BACH1-DNA damage complex I,,Human,"O14867,Q99728,P38398,P40692,P52701,Q92547"
517,"Kinase-scaffold-phosphatase complex, PKA-AKAP79-CaN",,Human,"P24588,Q08209,P13861"
104,RNA polymerase II core complex,,Human,"P24928,P30876,P19387,O15514,P19388,P61218,P62487,P52434,P36954,P52435,P53803,P62875"
208,"Ubiquitin E3 ligase (ASB1, TCEB1, TCEB2, CUL5, RNF7)", Asb1-Elongin BC-Cul5-Rbx2 complex,Human,"Q9Y576,Q93034,Q9UBF6,Q15369,Q15370"
1182,CDC5L core complex,,Human,"O75934,Q99459,Q92616,P11142,O43660,Q9UMS4"
2706,SMAD3-SMAD4-SP1 complex,,Human,"P84022,Q13485,P08047"
129,PIDDsome complex,,Human,"P42575,P78560,Q9HB75"
5877,MAP2K1-BRAF-RAF1-YWHAE-KSR1 complex,,Human,"P15056,Q8IVT5,Q02750,P04049,P62258"
2815,BRCA1-BARD1-BACH1-DNA damage complex II,,Human,"O14867,Q99728,P38398,P49959,O60934,Q92878,Q99708,Q92547"
4399,"EIF3 complex (EIF3B, EIF3J, EIF3I)",,Human,"P55884,Q13347,O75822"
100,hNURF complex,,Human,"Q12830,Q09028,Q16576,P28370"
1256,MLL-HCF complex,,Human,"Q9UBL3,P51610,O00255,Q03164,Q15291,P05546,P61964"
5235,WRN-Ku70-Ku80-PARP1 complex,,Human,"P09874,Q14191,P13010,P12956"
5269,TNF-alpha/NF-kappa B signaling complex 8,,Human,"Q16543,Q13451,P07900,P08238,Q14164,Q86UP2"
5276,HIF1A-OS9-EGLN1 complex,,Human,"Q9GZT9,Q16665,Q13438"
5685,"Membrane protein complex (VCP, UFD1L, SEC61B)",,Human,"P60468,Q92890,P55072"
5363,"Actin-ribonucleoprotein complex (POLR2A, GTF2F1, HNRNPU)",,Human,"P35269,Q00839,P24928"
5194,"TNF-alpha/NF-kappa B signaling complex (SEC16A, CHUK, IKBKB, NFKB2, REL, IKBKG, MAP3K14, RELA, FBXW7, USP2)",,Human,"O15111,Q969H0,O14920,Q9Y6K9,Q99558,Q00653,Q04864,Q04206,O15027,O75604"
1221,TFIIA-TRF2 complex,,Human,"P52655,P52657,Q15554"
5189,YWHAQ-CALM1-CABIN1 complex,,Human,"Q9Y6J0,P62158,P27348"
1826,SMAD3-HEF1-APC10-CDH1 complex,,Human,"Q9UM13,P12830,Q14511,P84022"
696,BRMS1-SIN3-HDAC complex,,Human,"Q9HCU9,Q13547,Q92769,Q09028,Q16576,O75446,Q96ST3,O75182"
1189,DNA double-strand break end-joining complex,,Human,"P49917,P49959,O60934,Q92878,Q13426,P13010,P12956"
2224,MSH2/6-BLM-p53-RAD51 complex,,Human,"P54132,P43246,P52701,Q06609,P04637"
1086,DNA repair complex NEIL1-PNK-Pol(beta)-LigIII(alpha)-XRCC1,,Human,"P49916,Q96FI4,O00764,P06746,P18887"
5197,PTIP-DNA damage response complex,,Human,"P54132,P49959,O60934,Q6ZW49,Q92878,Q12888"
300,PC2 complex,,Human,"Q9BTT4,O60244,Q9Y2X0,Q9NVC6,Q9H944,Q13503,O75448,Q6P2C8,Q9Y3C7,O75586,O43513,Q9Y2W1"
2217,MDC1-MRN-ATM-FANCD2 complex,,Human,"Q13315,Q9BXW9,Q14676,P49959,O60934,Q92878"
433,BASC complex (BRCA1-associated genome surveillance complex),,Human,"Q13315,P54132,P38398,P40692,P49959,P43246,P52701,O60934,Q92878,P35251,P35250,P35249"
5232,"TNF-alpha/Nf-kappa B signaling complex (RPL6, RPL30, RPS13, CHUK, DDX3X, NFKB2, NFKBIB, REL, IKBKG, NFKB1, MAP3K8, RELB, GLG1, NFKBIA, RELA, TNIP2,  GTF2I)",,Human,"O15111,O00571,Q92896,P78347,Q9Y6K9,P41279,P19838,Q00653,P25963,Q15653,Q04864,Q04206,Q01201,P62888,Q02878,P62277,Q8NFZ5"
5176,MGC1-DNA-PKcs-Ku complex,,Human,"Q14676,P78527,P13010,P12956"
749,MeCP2-SIN3A-HDAC complex,,Human,"Q13547,Q92769,P51608,Q96ST3"
424,EXO1-MLH1-PCNA complex,,Human,"Q9UQ84,P40692,P12004"
362,DNA ligase III-XRCC1-PNK-DNA-pol III multiprotein complex,,Human,"P49916,Q96T60,P06746,P18887"
1750,PPP4C-PPP4R2-Gemin3-Gemin4 complex,,Human,"Q9UHI6,P57678,P60510,Q9NY27"
1226,H2AX complex I,,Human,"P27797,Q7L2E3,P16104,Q8N257,P11021,P06748,P09874"
1746,SMN containing complex,,Human,"P57678,P09382,P17931,O14893,Q16637,P62314,P62316,P62318"
5724,CIN85-SH3GL3-CBL complex,,Human,"P22681,Q99963,Q96B97"
5234,IKBKB-CDC37-KIAA1967-HSP90AB1-HSP90AA1 complex,,Human,"Q16543,P07900,P08238,O14920,Q8N163"
1227,H2AX complex II,,Human,"P27797,P16989,P16104,P33778,Q99879,P62805,Q8N257,P11021,P06748,Q96EY7"
832,Anti-Sm protein complex,,Human,"P54105,Q9UHI6,P57678,O14744,O14893,Q16637,P14678"
3008,60S APC containing complex,,Human,"P25054,P46940,(Q71U36,P68363,Q9BQE3),(P23258,Q9NRH3)"
5604,Emerin complex 1,,Human,"P60709,Q15417,P50402,Q8WWI1,P35579,Q12965,Q9BRV8,Q13813"
2203,BRD4-RFC complex,,Human,"O60885,P35251,P35250,P40938,P35249,P40937"
927,CENP-A nucleosome associated complex, CENP-A NAC complex,Human,"Q03188,Q9H3R5,Q9NSP4,Q96H22,Q96BT3,Q71F23"
1258,"Ubiquitin E3 ligase (GLMN, FBXW8, SKP1A, RBX1)",,Human,"Q8N3Y1,Q92990,P62877,P63208"
5607,Emerin-actin-NMI complex,,Human,"P60709,P50402,Q13287"
5318,DDEF1-CTTN-PXN complex,,Human,"Q14247,Q9ULH1,P49023"
5158,SMARCA2/BRM-BAF57-MECP2 complex,,Human,"P51608,P51531,Q969G3"
631,Tacc1-chTOG-AuroraA  complex,,Human,"O14965,Q14008,O75410"
2573,Class C VPS/HOPS complex,,Human,"Q15075,P20339,Q9H270,Q9H269,Q9P253,Q96JC1"
5844,I-kappa-B kinase (IKK) complex,,Human,"O15111,O14920,Q9Y6K9"
1003,RC complex (Replication competent complex),,Human,"P20248,P24941,P09884,Q14181,P35251,P35250,P40938,P35249,P40937"
2705,SMAD3-SMAD4-CTCF protein-DNA complex,,Human,"P49711,P84022,Q13485"
3167,NCOR-SIN3-HDAC-HESX1 complex,,Human,"Q13547,Q92769,Q9UBX0,Q9Y618,Q96ST3,O75182"
2170,"Ubiquitin E3 ligase (CDC34, CUL1, RBX1)",,Human,"P49427,Q13616,P62877"
246,BLM complex III, BLM-CIII complex,Human,"P54132,P40692,Q9H9A7,Q13472"
1874,"SNARE complex (SNAP25, VAMP3, VAMP2, NAPB, STX13)",,Human,"Q9H115,P60880,Q86Y82,P63027,Q15836"
5400,BRCC complex,,Human,"P38398,P51587,P46736,Q9NXR7,Q06609"
943,"Class C Vps complex (VPS11, VPS18, STX7)",,Human,"O15400,Q9H270,Q9P253"
2754,JUND-FOSB-SMAD3-SMAD4 complex, TRE binding complex,Human,"P53539,P17535,P84022,Q13485"
2878,P-TEFb-7SKRNA-HEXIM1 complex,,Human,"O60563,P50750,O94992"
5873,RAF1-MAP2K1-YWHAE complex,,Human,"Q02750,P04049,P62258"
4082,Ku70/Ku86/Werner complex,,Human,"Q14191,P13010,P12956"
2727,SRC-3 complex,,Human,"O15111,Q92793,O14920,Q9Y6K9,Q15596,Q9Y6Q9,P10155"
745,NCOR-SIN3-RPD3 complex,,Human,"Q92769,Q9Y618,Q96ST3,O75182"
2218,MDC1-MRE11-RAD50-NBS1 complex,,Human,"Q14676,P49959,O60934,Q92878"
274,RAD17-RFC-9-1-1 checkpoint supercomplex,,Human,"O60921,O60671,O75943,Q99638,P35250,P40938,P35249,P40937"
5266,TNF-alpha/NF-kappa B signaling complex 6,,Human,"Q16543,O15111,P22087,P07900,P08238,O14920,Q9Y6K9,Q99558,P62888,P36578,Q02878,P62917,P62280,P62277"
789,Exosome,,Human,"Q9Y2L1,Q9Y3B2,Q01780,Q13868,Q9NQT5,Q9NPD3,Q9NQT4,Q5RKV6,Q15024,Q96B26,Q06265"
729,"Ubiquitin E3 ligase (FBXO31, SKP1A, CUL1, RBX1)",,Human,"Q13616,Q5XUX0,P62877,P63208"
1085,DNA repair complex NEIL2-PNK-Pol(beta)-LigIII(alpha)-XRCC1,,Human,"P49916,Q969S2,O00764,P06746,P18887"
5735,TGF-beta receptor-SMAD3 complex,,Human,"P84022,P36897,P37173"
5615,Emerin complex 52,,Human,"P60709,Q9BZZ5,Q07021,P12277,O00148,P50402,P51858,Q02539,P61978,P14866,Q00839,Q12906,P46940,Q9Y2U8,P20700,O95777,Q13287,Q53EL6,Q08999,P62314,P10827,P62258,P27348"
5385,GAIT complex,,Human,"P07814,P04406,P40429,O60506"
298,VEGF transcriptional complex,,Human,"P27695,Q16665,P40763,(Q99966,Q99967,Q96RK1)"
5531,Tumor necrosis factor receptor 1 signaling complex,,Human,"Q13490,P19438,Q15628,Q12933"
755,Exon junction complex (F4A3-MLN51-UPF3B-MAGOH-Y14-PYM), RNA-protein complex,Human,"O15234,P38919,P61326,Q9Y5S9,Q0VAK7,Q9BRP8"
5613,Emerin complex 25,,Human,"P60709,O75531,Q9P287,Q16543,P50402,Q13283,P61978,P20700,Q9Y333,O95777,Q9H0E3,P62314,P05455,P31946,P62258,O95218"
5199,Kinase maturation complex 1,,Human,"Q16543,P07900,P08238,P34932,Q13163,Q99759,Q7KZI7,Q9NUG6,Q9UHV9,Q6Q0C0,P31946,P62258,P61981,Q04917,P27348,P63104"
114,SNAPc (small nuclear RNA-activating protein) complex, PTF,Human,"Q16533,Q13487,Q92966,Q5SXM2,O75971"
5816,Apoptosome-procaspase 9 complex,,Human,"O14727,P55211,P99999"
5273,VHL-TBP1-HIF1A complex,,Human,"Q16665,P17980,P40337"
5513,Polycomb repressive complex, hPc2-RING1-BMI1-HPH1 complex,Human,"P35226,O00257,P78364,Q06587"
553,RHOA-IP3R-TRPC1 complex,,Human,"Q14643,P61586,P48995"
5609,Emerin regulatory complex,,Human,"P60709,O75531,P50402,Q13547,O15379,Q02539,P68431,Q8WWI1,P28749"
